code	Q1_silent_break	Q1_filled_break	Q1_incomplete_sentence	Q1_incomplete_word	Q1_long_vowell	Q1_connecteur	Q1_non_understandable	Q1_MORT_EXPLICITE	Q1_ON_GENERIQUE	Q1_ON_QUELQU_UN	Q1_PRESENT_ENNONCIATION	Q1_PRESENT_GENERIQUE	Q1_PRESENT_HISTORIQUE	Q1_VERB_PERCEPTIONS_SENSORIELLES	Q1_CORPS	Q1_NOM_PERCEPTIONS_SENSORIELLES	Q1_SENSATIONS_PHYSIQUES	Q1_first_personal_pronoun_sing	Q1_first_personal_pronoun_plur	Q1_second_personal_pronoun	Q1_third_personal_pronoun	Q1_verb_indicatif_present	Q1_verb_indicatif_future	Q1_verb_participe_passe	Q1_verb_conditionel	Q1_verb_indicatif_imparfait	Q1_PE	Q1_LCC	Q1_LSC	Q1_degree_average	Q1_degree_std	Q1_L1	Q1_L2	Q1_L3	Q1_transitivity	Q1_average_clustering	Q1_diameter_g0	Q1_average_shrotest_path_g0	Q1_passive_count_norm	Q1_passive_percentages	Q1_labMT	Q1_textblob_polarity	Q2_silent_break	Q2_filled_break	Q2_incomplete_sentence	Q2_incomplete_word	Q2_long_vowell	Q2_connecteur	Q2_non_understandable	Q2_MORT_EXPLICITE	Q2_ON_GENERIQUE	Q2_ON_QUELQU_UN	Q2_PRESENT_ENNONCIATION	Q2_PRESENT_GENERIQUE	Q2_PRESENT_HISTORIQUE	Q2_VERB_PERCEPTIONS_SENSORIELLES	Q2_CORPS	Q2_NOM_PERCEPTIONS_SENSORIELLES	Q2_SENSATIONS_PHYSIQUES	Q2_first_personal_pronoun_sing	Q2_first_personal_pronoun_plur	Q2_second_personal_pronoun	Q2_third_personal_pronoun	Q2_verb_indicatif_present	Q2_verb_indicatif_future	Q2_verb_participe_passe	Q2_verb_conditionel	Q2_verb_indicatif_imparfait	Q2_PE	Q2_LCC	Q2_LSC	Q2_degree_average	Q2_degree_std	Q2_L1	Q2_L2	Q2_L3	Q2_transitivity	Q2_average_clustering	Q2_diameter_g0	Q2_average_shrotest_path_g0	Q2_passive_count_norm	Q2_passive_percentages	Q2_labMT	Q2_textblob_polarity	Q3_silent_break	Q3_filled_break	Q3_incomplete_sentence	Q3_incomplete_word	Q3_long_vowell	Q3_connecteur	Q3_non_understandable	Q3_MORT_EXPLICITE	Q3_ON_GENERIQUE	Q3_ON_QUELQU_UN	Q3_PRESENT_ENNONCIATION	Q3_PRESENT_GENERIQUE	Q3_PRESENT_HISTORIQUE	Q3_VERB_PERCEPTIONS_SENSORIELLES	Q3_CORPS	Q3_NOM_PERCEPTIONS_SENSORIELLES	Q3_SENSATIONS_PHYSIQUES	Q3_first_personal_pronoun_sing	Q3_first_personal_pronoun_plur	Q3_second_personal_pronoun	Q3_third_personal_pronoun	Q3_verb_indicatif_present	Q3_verb_indicatif_future	Q3_verb_participe_passe	Q3_verb_conditionel	Q3_verb_indicatif_imparfait	Q3_PE	Q3_LCC	Q3_LSC	Q3_degree_average	Q3_degree_std	Q3_L1	Q3_L2	Q3_L3	Q3_transitivity	Q3_average_clustering	Q3_diameter_g0	Q3_average_shrotest_path_g0	Q3_passive_count_norm	Q3_passive_percentages	Q3_labMT	Q3_textblob_polarity	PCL_REVIVISCENCES	PCL_DISSO	TOTAL_PCL_y	TOTAL_DES_y	PA_Q2	TYPE_TRAUMA	AGE	STATUT_MARITAL	ENFANTS	NB_ENF	source	VIOL_SEX	VIOL_PHY	VIOL_PSY	VIOL_ADM_ECO	VIOL_CYBER	VIOL_ANI	VIOL_MAT	NB_VICTIME	VIOL_EXTRA_CONJ	RECIDIVE	NB_PA	CONSO_PA	ATCD_MED	TRAITEMENT
P34	2.1739130434782608	2.608695652173913	0.6521739130434783	0.0	0.21739130434782608	6.086956521739131	0.0	1.0869565217391304	0.0	0.0	1.956521739130435	2.391304347826087	0.0	0.0	1.3043478260869563	0.0	0.217391304347826	0.0352941176470588	0.0	0.0	0.0	0.4042553191489361	0.0638297872340425	0.2978723404255319	0.0	0.1063829787234042	35.0	1.0	1.0	4.707692307692308	5.333175540072057	4.0	38.0	193.0	0.0421252371916508	0.0760974842327545	7.0	3.553687549563838	0.4892985123198243	0.09375	11.363376705807946	0.1661490683229813	0.7751937984496124	2.3255813953488373	0.2583979328165375	0.0	0.0	6.459948320413436	0.0	0.0	0.0	0.0	1.8087855297157625	0.7751937984496124	0.0	0.2583979328165375	0.2583979328165375	0.0	0.0	0.0224719101123595	0.0	0.0	0.0	0.38	0.0	0.28	0.02	0.08	28.0	1.0	1.0	4.514619883040936	5.409928845989473	5.0	33.0	122.0	0.0508967523024721	0.0724538554463599	7.0	3.5556931544547643	0.1678295944848994	0.0357142857142857	13.23501607109082	0.1538792817862585	0.2364998029168309	1.3795821836815136	0.2364998029168309	0.0	0.039416633819471816	7.370910524241229	0.0	0.0	0.1576665352778872	0.0394166338194718	2.1679148600709497	0.3941663381947182	0.6306661411115491	0.5912495072920773	0.5912495072920773	0.0	0.1182499014584154	0.0172413793103448	0.0034482758620689	0.0	0.0189655172413793	0.2604166666666667	0.0130208333333333	0.3385416666666667	0.0078125	0.1953125	317.0	1.0	2.0	9.105924596050269	18.28797912124295	16.0	506.0	10786.0	0.0763577846318895	0.1664631570282856	7.0	3.122121333453883	0.3827146880719605	0.0234375	2.0741713824438293	0.0430934004687612	15	5	33	280	1.0	2	69	1	1	3	france	0	1	1	0	0	0	0	1	0	0	1	0	1	1
P16	2.2941176470588234	2.411764705882353	0.7647058823529412	0.17647058823529413	0.4705882352941176	5.235294117647059	0.0	0.3529411764705882	0.411764705882353	0.0	3.294117647058824	0.8823529411764706	0.1176470588235294	0.2352941176470588	0.2352941176470588	0.0	0.2941176470588235	0.0518134715025906	0.0025906735751295	0.0	0.0259067357512953	0.3453815261044177	0.0080321285140562	0.2409638554216867	0.0040160642570281	0.1847389558232931	226.0	1.0	2.0	7.757990867579909	13.388500060235662	8.0	136.0	3827.0	0.0720443349753694	0.1374255740023275	6.0	3.216806160726414	0.2688756222264983	0.0161290322580645	3.0471273557962784	0.0209514066496163	3.6231884057971016	2.1739130434782608	1.4492753623188406	0.0	0.966183574879227	3.140096618357488	0.0	1.4492753623188406	0.2415458937198067	0.0	6.280193236714976	2.1739130434782608	0.0	0.2415458937198067	0.0	0.0	0.0	0.0	0.0	0.0	0.0	0.5538461538461539	0.0307692307692307	0.1538461538461538	0.0	0.0307692307692307	47.0	1.0	2.0	5.506666666666667	7.219184318343882	4.0	26.0	460.0	0.0932699341623994	0.1141448686753034	7.0	3.24089485458613	0.3319025030904178	0.0512820512820512	12.45062607235418	0.3022875816993465	2.598187311178248	2.2356495468277946	0.6042296072507553	0.12084592145015105	0.4833836858006042	6.3444108761329305	0.0	0.0	0.2416918429003021	0.1812688821752265	4.169184290030212	1.3293051359516617	0.0	0.785498489425982	0.6646525679758308	0.0	0.120845921450151	0.0213903743315508	0.0	0.0	0.0106951871657754	0.4380530973451327	0.0044247787610619	0.243362831858407	0.0	0.084070796460177	227.0	1.0	1.0	8.751322751322752	16.242265097547392	10.0	216.0	9469.0	0.0971212121212121	0.1501713055491751	6.0	3.0615131994442337	0.2698488579637644	0.0093457943925233	3.106786568478684	0.0421637594548702	11	8	53	490	0.0	2	35	1	1	2	france	0	1	1	0	0	0	0	1	1	0	1	1	0	0
P05	1.0849909584086799	3.074141048824593	0.0	0.9041591320072333	0.9041591320072333	5.967450271247739	0.0	0.3616636528028933	0.1808318264014466	0.1808318264014466	2.7124773960217	1.2658227848101269	0.3616636528028933	1.4466546112115732	0.5424954792043399	0.0	0.0	0.0404040404040404	0.0	0.0	0.0101010101010101	0.3709677419354839	0.0	0.2903225806451613	0.0	0.1290322580645161	70.0	1.0	1.0	5.385365853658537	6.04719491413711	7.0	51.0	337.0	0.0492277992277992	0.0719017595676634	8.0	3.512147297943568	0.0	0.0	9.436639310056837	0.123787604800263	0.7042253521126761	4.401408450704225	0.35211267605633806	0.0	0.0	7.922535211267606	0.0	0.176056338028169	0.176056338028169	0.0	1.056338028169014	0.176056338028169	0.0	1.232394366197183	0.352112676056338	0.0	0.176056338028169	0.0272727272727272	0.0	0.0	0.0	0.12	0.0	0.48	0.0	0.2666666666666666	71.0	1.0	1.0	5.299065420560748	6.575535162856567	9.0	65.0	336.0	0.0530973451327433	0.0825119323994983	7.0	3.522750208415603	0.1576759468918593	0.024390243902439	9.08866197183093	0.0728508984944147	1.0596026490066226	4.039735099337748	0.3973509933774834	0.3973509933774834	0.33112582781456956	7.880794701986756	0.0	0.2649006622516556	0.0662251655629139	0.0	1.1920529801324504	0.1324503311258278	0.0	0.3311258278145695	0.5960264900662252	0.0	0.2649006622516556	0.0184049079754601	0.0	0.0030674846625766	0.0061349693251533	0.1731601731601731	0.0043290043290043	0.4025974025974026	0.0	0.1774891774891775	214.0	1.0	2.0	8.26849315068493	13.814791325721888	13.0	261.0	4258.0	0.0803360462063533	0.1130959499389576	6.0	3.1824326358572934	0.6830727134920627	0.0675675675675675	3.3906415924926208	0.007312362030905	19	0	38	1230	2.0	2	36	0	1	5	france	1	1	1	1	1	0	0	1	0	0	2	1	0	1
P22	0.929368029739777	2.2304832713754648	0.37174721189591076	0.37174721189591076	0.18587360594795538	5.390334572490707	0.0	0.7434944237918215	0.5576208178438662	0.0	5.390334572490707	1.858736059479554	0.0	0.3717472118959107	0.3717472118959107	0.0	0.1858736059479553	0.008695652173913	0.0	0.0	0.017391304347826	0.4805194805194805	0.0259740259740259	0.1818181818181818	0.0	0.1168831168831168	46.0	1.0	1.0	4.972222222222222	6.2796826018714444	1.0	27.0	505.0	0.0499013250634338	0.0803705286990105	7.0	3.5083548664944013	0.1590366561893959	0.0181818181818181	9.621670543708438	-0.0254027261462205	0.3948667324777887	0.5923000987166831	0.09871668311944717	0.09871668311944717	0.0	5.62685093780849	0.0	0.4935834155972359	0.0	0.0987166831194471	4.047384007897334	0.8884501480750246	0.1974333662388943	0.9871668311944718	0.5923000987166831	0.0	0.0	0.0323886639676113	0.0	0.0	0.0121457489878542	0.3540372670807453	0.0062111801242236	0.3354037267080745	0.0124223602484472	0.1180124223602484	135.0	1.0	2.0	6.746666666666667	9.50206059523699	4.0	122.0	739.0	0.0545801526717557	0.1280972322759495	7.0	3.332619843924192	0.2889892980431416	0.0384615384615384	5.189238514855184	0.0369776242184929	0.8389261744966443	0.6711409395973155	0.16778523489932887	0.0	0.16778523489932887	6.0402684563758395	0.0	0.1677852348993288	0.6711409395973155	0.0	4.026845637583892	1.51006711409396	0.0	0.8389261744966443	0.0	0.0	0.1677852348993288	0.048	0.0	0.0	0.024	0.4285714285714285	0.0	0.2738095238095238	0.0	0.1428571428571428	74.0	1.0	2.0	5.50925925925926	7.716619114768739	7.0	87.0	838.0	0.0597014925373134	0.0847929266423418	8.0	3.51520241171404	0.3129772576966931	0.04	8.819122790433811	0.1349908480780963	12	6	35	460	0.0	2	25	0	0	0	france	0	1	1	0	1	1	0	1	1	0	2	1	0	0
P31	0.5747126436781609	2.2988505747126435	0.38314176245210724	0.0	0.19157088122605362	4.980842911877394	0.0	0.3831417624521072	0.1915708812260536	0.1915708812260536	2.490421455938697	0.9578544061302682	0.9578544061302682	0.9578544061302682	0.3831417624521072	0.0	0.3831417624521072	0.0165289256198347	0.0	0.0	0.0	0.2625	0.0	0.3	0.0	0.225	62.0	1.0	1.0	5.343589743589743	6.062063407352862	3.0	23.0	189.0	0.0517787953504755	0.0615321449430761	7.0	3.4660322495374043	0.1598039502667738	0.0256410256410256	9.85579079043634	0.0753762552275061	0.0	3.4482758620689653	0.0	0.0	0.0	0.0	0.0	0.0	0.0	0.0	0.0	0.0	0.0	3.4482758620689653	0.0	0.0	0.0	0.0	0.0	0.0	0.0	0.3333333333333333	0.0	0.6666666666666666	0.0	0.0	3.0	1.0	11.0	3.5	4.0155946010522525	6.0	46.0	258.0	0.1304347826086956	0.1354166666666666	11.0	4.55	0.0	0.0	162.70557029177718	1.7758620689655171	0.0	1.0638297872340425	0.2127659574468085	0.0	0.0	8.72340425531915	0.0	0.0	0.0	0.2127659574468085	1.276595744680851	1.276595744680851	1.702127659574468	1.4893617021276595	0.2127659574468085	0.0	0.2127659574468085	0.0336134453781512	0.0	0.0	0.0168067226890756	0.3095238095238095	0.0	0.2857142857142857	0.0	0.1666666666666666	53.0	1.0	3.0	4.785714285714286	5.391319553746768	0.0	44.0	318.0	0.0444943820224719	0.0541946853929541	8.0	3.745735217163789	0.1625294076013961	0.0344827586206896	11.096328644695785	0.3662613981762918	6	0	18	420	0.0	2	35	0	1	4	france	0	0	0	0	0	0	1	1	1	0	1	0	0	0
P38	0.0	1.376936316695353	0.5163511187607573	0.0	0.34423407917383825	5.507745266781412	0.0	0.0	0.1721170395869191	0.0	3.2702237521514634	0.6884681583476765	0.0	0.5163511187607573	0.8605851979345954	0.0	0.0	0.0359712230215827	0.0071942446043165	0.0	0.014388489208633	0.3106796116504854	0.0	0.4077669902912621	0.0	0.0388349514563106	70.0	1.0	3.0	5.858585858585859	7.310584689698532	3.0	13.0	555.0	0.054029304029304	0.0937208916019943	7.0	3.433369225247398	0.1571153432714485	0.0333333333333333	9.026295833635048	0.1439524331090596	0.0	0.0	3.3333333333333335	0.0	0.0	1.1111111111111112	0.0	2.2222222222222223	0.0	0.0	6.666666666666667	3.333333333333333	0.0	0.0	0.0	0.0	0.0	0.0384615384615384	0.0	0.0	0.0384615384615384	0.5	0.0	0.1428571428571428	0.0	0.0	10.0	1.0	5.0	3.423076923076923	2.388644239265268	0.0	0.0	48.0	0.0675675675675675	0.0318223443223443	9.0	3.773755656108597	0.0	0.0	56.35185185185195	-5.444444444444445	0.2222222222222222	1.4814814814814816	0.2222222222222222	0.0	0.14814814814814814	3.9259259259259256	0.0	0.0	0.1481481481481481	0.0	5.481481481481482	1.2592592592592593	0.4444444444444444	1.037037037037037	0.0	0.0	0.1481481481481481	0.044378698224852	0.0029585798816568	0.0029585798816568	0.0207100591715976	0.3861003861003861	0.0	0.2548262548262548	0.0	0.054054054054054	198.0	1.0	1.0	7.35149863760218	12.10756251114029	16.0	132.0	1561.0	0.0485265855221012	0.1173909597913937	7.0	3.2538526823602982	0.1387374363316058	0.0123456790123456	3.920318449290127	0.0626262626262626	16	7	54	320	0.0	1	38	0	1	2	france	0	1	1	0	0	0	1	1	0	0	1	0	0	0
P11	0.0	6.691449814126393	0.0	1.1152416356877324	2.6022304832713754	4.089219330855019	0.0	0.0	0.3717472118959107	0.0	3.3457249070631967	1.486988847583643	0.0	0.3717472118959107	0.0	0.0	0.0	0.0188679245283018	0.0	0.0	0.0	0.375	0.0	0.1	0.0	0.1	20.0	1.0	4.0	4.5423728813559325	5.335592143518509	2.0	18.0	185.0	0.1006423982869379	0.1147886048981675	8.0	3.425756917282341	0.178740230219198	0.03125	19.21440408474029	-0.0591935945095796	0.0	5.0	0.0	0.0	0.0	5.0	0.0	0.0	0.0	0.0	0.0	0.0	0.0	0.0	0.0	0.0	0.0	0.0	0.0	0.0	0.0	0.0	0.0	1.0	0.0	0.0	1.0	1.0	3.0	3.1666666666666665	2.4776781245530843	3.0	7.0	21.0	0.1935483870967742	0.2305555555555556	5.0	2.4393939393939394	0.0	0.0	214.95	-0.0416666666666666	0.3387278885961611	3.7260067745577716	1.1667293940534438	0.11290929619872037	0.26345502446368085	6.17237485886338	0.0	0.0	0.2258185923974407	0.0376364320662401	2.5592773805043283	1.7689123071132855	0.2258185923974407	0.2258185923974407	0.1505457282649605	0.0	0.4140007527286413	0.032258064516129	0.0	0.0048387096774193	0.0241935483870967	0.3740648379052369	0.0	0.1620947630922693	0.0	0.1596009975062344	400.0	1.0	1.0	10.774847870182557	24.446406511089865	29.0	2241.0	52607.0	0.0943385835444432	0.1833275518816052	6.0	3.0191873216906613	0.2536476772604601	0.0121951219512195	1.9672286324783488	-0.007191980018476	5	0	9	360	0.0	2	43	1	1	2	france	0	1	1	0	0	0	0	1	0	0	1	0	0	0
P09	1.4511873350923483	5.936675461741425	0.6596306068601583	0.0	1.1873350923482848	8.047493403693931	0.0	0.0	0.0	0.0	1.978891820580475	1.1873350923482848	0.0	0.395778364116095	0.395778364116095	0.0	0.6596306068601583	0.0137931034482758	0.0	0.0	0.0	0.3404255319148936	0.0	0.2872340425531915	0.0	0.1595744680851064	82.0	1.0	4.0	6.554112554112554	9.854147080728511	15.0	203.0	2277.0	0.0930873987243578	0.1202234815255917	7.0	3.2600037643515902	0.1508140174759862	0.037037037037037	6.811700832149677	0.0255637974809578	2.314814814814815	5.555555555555555	0.4629629629629629	0.0	0.0	4.166666666666666	0.0	0.0	2.314814814814815	0.0	2.314814814814815	4.62962962962963	0.0	0.9259259259259258	0.0	0.0	0.0	0.0	0.0	0.0	0.0	0.4230769230769231	0.0	0.2692307692307692	0.0384615384615384	0.0	20.0	1.0	1.0	4.174757281553398	3.870293093605204	4.0	22.0	163.0	0.0880195599022004	0.111273462244336	8.0	3.705501618122977	0.1860368755170824	0.0357142857142857	24.21364046973801	0.4440235690235691	3.3333333333333335	4.444444444444445	0.0	0.0	1.1111111111111112	3.3333333333333335	0.0	0.0	0.0	0.0	5.555555555555555	2.2222222222222223	0.0	0.0	2.2222222222222223	0.0	0.0	0.0	0.0	0.0	0.0	0.7142857142857143	0.0	0.1428571428571428	0.0	0.0	6.0	1.0	1.0	3.12280701754386	2.009365575346943	0.0	10.0	6.0	0.106060606060606	0.1136730715678084	11.0	4.587092731829574	0.0	0.0	55.43295019157089	-1.5252525252525255	4	4	27	270	1.0	1	46	1	1	2	france	0	1	1	0	0	0	0	1	0	0	2	1	0	1
P17	2.4390243902439024	2.2357723577235773	0.0	0.20325203252032523	0.0	7.113821138211382	0.0	0.6097560975609756	0.0	0.2032520325203252	0.4065040650406504	0.6097560975609756	0.0	0.6097560975609756	0.6097560975609756	0.0	0.2032520325203252	0.0253164556962025	0.0	0.0	0.0632911392405063	0.0909090909090909	0.0	0.4285714285714285	0.0	0.1948051948051948	66.0	1.0	1.0	5.676300578034682	6.340927172941116	5.0	39.0	218.0	0.0731414868105515	0.0936049841896403	7.0	3.48581798628848	0.0	0.0	10.503832240965592	0.0426173616574875	2.6881720430107525	8.064516129032258	0.5376344086021506	0.0	0.0	8.064516129032258	0.0	0.5376344086021506	0.0	0.0	0.0	1.0752688172043012	0.0	0.0	1.6129032258064515	0.0	1.0752688172043012	0.0	0.0	0.0	0.0	0.1666666666666666	0.0	0.2222222222222222	0.0	0.2222222222222222	17.0	1.0	3.0	3.814432989690722	3.7149180921087113	2.0	20.0	50.0	0.0909090909090909	0.1423350538651678	11.0	4.037800687285223	0.0	0.0	26.606222561557345	-0.0823252688172043	0.0	3.5175879396984926	0.5025125628140703	0.25125628140703515	0.0	6.78391959798995	0.0	0.7537688442211055	0.0	0.0	1.256281407035176	0.0	0.0	0.7537688442211055	0.5025125628140703	0.0	0.0	0.0125	0.0	0.0	0.0125	0.1612903225806451	0.0	0.3225806451612903	0.0	0.2096774193548387	39.0	1.0	4.0	4.783132530120482	5.943606857490801	5.0	25.0	233.0	0.0399408284023668	0.0639392735778278	9.0	3.52026286966046	0.334087703072627	0.0869565217391304	13.155301647904324	0.444614376228971	10	5	38	520	2.0	2	59	1	1	1	france	0	1	1	0	0	0	0	1	0	0	2	1	0	0
P26	0.06325110689437065	1.8975332068311195	0.3795066413662239	0.0	0.3795066413662239	5.502846299810247	0.0	0.8855154965211892	0.5060088551549652	0.0632511068943706	1.1385199240986716	1.7710309930423784	0.0	0.6957621758380772	0.3795066413662239	0.0	0.1897533206831119	0.0229508196721311	0.0032786885245901	0.0032786885245901	0.0459016393442622	0.2112676056338028	0.0046948356807511	0.3990610328638497	0.0	0.1455399061032863	162.0	1.0	2.0	6.945054945054945	12.741178924322364	9.0	101.0	2847.0	0.0543277625342978	0.1209093894160917	7.0	3.2179212857626958	0.9503363925619294	0.0933333333333333	3.340620770683868	0.077482605945604	0.12121212121212122	1.575757575757576	0.12121212121212122	0.0	0.0	4.96969696969697	0.0	0.0	0.2424242424242424	0.0	1.4545454545454546	1.090909090909091	0.1212121212121212	0.1212121212121212	0.0	0.0	0.6060606060606061	0.0176470588235294	0.0058823529411764	0.0	0.0352941176470588	0.217391304347826	0.008695652173913	0.4434782608695652	0.0	0.1391304347826087	81.0	1.0	1.0	5.6438356164383565	7.295372643009767	2.0	26.0	209.0	0.0447221803945189	0.0872773292288362	7.0	3.355128748293556	0.7445591282509109	0.1904761904761904	6.393788077887589	0.0725778331257783	0.04892367906066536	1.467710371819961	0.5870841487279843	0.0	0.09784735812133072	4.9412915851272015	0.0	0.0	0.2446183953033268	0.0	3.0332681017612524	1.6144814090019568	0.0978473581213307	0.3913894324853229	0.146771037181996	0.0	0.146771037181996	0.0513833992094861	0.0	0.0019762845849802	0.0177865612648221	0.3136645962732919	0.0124223602484472	0.2608695652173913	0.0124223602484472	0.1335403726708074	250.0	1.0	1.0	8.321792260692463	16.387812570966307	12.0	144.0	5319.0	0.0643375994465582	0.149571970120218	6.0	3.06246311151752	1.1806895932277384	0.0760869565217391	2.568916454672492	0.0391389432485323	7	0	9	220	2.0	2	48	0	1	3	france	0	1	0	0	0	0	0	1	0	0	1	0	0	0
P21	0.8298755186721992	4.149377593360995	0.0	0.4149377593360996	0.4149377593360996	3.319502074688797	0.0	2.0746887966804977	0.4149377593360996	0.8298755186721992	4.564315352697095	0.4149377593360996	0.8298755186721992	0.0	0.0	0.0	0.0	0.0161290322580645	0.0	0.0	0.0161290322580645	0.5294117647058824	0.0	0.2647058823529412	0.0	0.0	22.0	1.0	1.0	4.067796610169491	3.937496437575622	3.0	3.0	123.0	0.0694275274056029	0.0904214664807885	9.0	3.929306098797624	0.0	0.0	21.342620035565822	0.3665283540802213	0.0	9.090909090909092	0.0	0.0	0.0	0.0	0.0	0.0	0.0	0.0	0.0	0.0	0.0	0.0	0.0	0.0	0.0	0.0	0.0	0.0	0.0	0.0	0.0	0.0	0.0	0.0	1.0	1.0	8.0	2.5	1.7320508075688772	3.0	9.0	27.0	0.0	0.0	7.0	3.0	0.0	0.0	430.413223140496	13.030303030303031	0.2331002331002331	2.097902097902098	0.0	0.0	0.0	7.925407925407925	0.0	0.0	0.0	0.0	0.9324009324009324	1.1655011655011656	0.2331002331002331	0.2331002331002331	0.4662004662004662	0.0	0.2331002331002331	0.0266666666666666	0.0133333333333333	0.0	0.0133333333333333	0.2711864406779661	0.0	0.3898305084745763	0.0	0.1694915254237288	46.0	1.0	3.0	4.755555555555556	5.094247542541622	2.0	14.0	128.0	0.0364208633093525	0.08002674002029	7.0	3.477094972067039	0.329953677267693	0.0476190476190476	12.1003619496083	0.1974496092143151	2	3	9	1010	0.0	2	35	1	1	1	france	0	1	1	0	0	0	0	1	0	0	1	1	1	1
P32	2.197802197802198	2.197802197802198	0.3663003663003663	0.0	0.3663003663003663	3.6630036630036633	0.0	0.0	0.3663003663003663	0.0	1.831501831501832	3.6630036630036633	0.0	0.3663003663003663	0.0	0.0	0.0	0.0166666666666666	0.0	0.0	0.0166666666666666	0.3333333333333333	0.0256410256410256	0.2307692307692307	0.0256410256410256	0.1282051282051282	22.0	1.0	3.0	4.059701492537314	3.937499005505396	0.0	4.0	63.0	0.0538922155688622	0.0716017813032738	8.0	3.697564807541241	0.3565398085639281	0.0909090909090909	19.355311355311205	0.179080179080179	0.5050505050505051	4.545454545454546	1.5151515151515151	0.0	0.0	8.585858585858585	0.0	0.0	0.0	1.0101010101010102	2.0202020202020203	0.5050505050505051	1.0101010101010102	0.5050505050505051	1.0101010101010102	0.0	0.0	0.0285714285714285	0.0	0.0	0.0285714285714285	0.2580645161290322	0.0	0.2580645161290322	0.0	0.2258064516129032	16.0	1.0	1.0	3.581818181818182	2.8264395147567747	1.0	13.0	67.0	0.0482315112540192	0.0713924963924963	10.0	4.198165137614679	0.56729359213277	0.1666666666666666	26.824744621354466	1.14996114996115	0.0	2.2304832713754648	0.37174721189591076	0.0	0.12391573729863693	8.550185873605948	0.0	0.1239157372986369	0.2478314745972738	0.1239157372986369	2.2304832713754648	0.7434944237918215	2.6022304832713754	1.2391573729863694	0.8674101610904585	0.0	0.3717472118959107	0.043010752688172	0.0	0.0053763440860215	0.0053763440860215	0.3384615384615385	0.0076923076923076	0.2230769230769231	0.0076923076923076	0.1307692307692307	108.0	1.0	1.0	6.06015037593985	8.494367349550902	7.0	79.0	460.0	0.0617342130065975	0.1166922761529469	6.0	3.300439778692013	0.4482078185194684	0.0769230769230769	6.529691346272122	-0.0080860269254195	13	12	39	600	2.0	2	32	0	1	1	france	0	1	1	0	0	0	0	1	0	0	1	0	1	0
P02	3.968253968253968	3.835978835978836	0.26455026455026454	0.0	1.0582010582010581	6.349206349206349	0.0	0.0	0.1322751322751322	0.0	2.7777777777777777	0.5291005291005291	0.0	0.1322751322751322	0.3968253968253968	0.0	0.1322751322751322	0.0279720279720279	0.0	0.0	0.0069930069930069	0.2815533980582524	0.0	0.2524271844660194	0.0194174757281553	0.2233009708737864	98.0	1.0	1.0	6.48068669527897	8.957736505684549	7.0	91.0	1297.0	0.0743243243243243	0.1279659283742172	7.0	3.251997928074589	0.1508741335855102	0.0121951219512195	6.873015873016056	0.1000431918799266	3.0303030303030303	4.040404040404041	1.2626262626262625	0.0	0.7575757575757576	7.575757575757576	0.0	0.0	0.2525252525252525	0.0	4.797979797979798	0.7575757575757576	0.2525252525252525	1.0101010101010102	0.7575757575757576	0.0	0.5050505050505051	0.0149253731343283	0.0	0.0	0.0	0.4705882352941176	0.0	0.1372549019607843	0.0392156862745098	0.1176470588235294	46.0	1.0	2.0	4.9375	5.615478051777961	3.0	49.0	312.0	0.0614886731391585	0.0625811791407766	7.0	3.568789308176101	0.0	0.0	13.239920092287647	-0.0330895158481365	2.7950310559006213	4.037267080745342	0.3105590062111801	0.0	0.3105590062111801	4.968944099378882	0.0	0.0	0.0	0.3105590062111801	0.6211180124223602	0.6211180124223602	0.3105590062111801	2.484472049689441	1.2422360248447204	0.0	0.0	0.0	0.0	0.0	0.0	0.1276595744680851	0.0	0.425531914893617	0.0	0.3191489361702128	35.0	1.0	3.0	4.686131386861314	4.773331978033638	1.0	15.0	58.0	0.0418250950570342	0.0580152197228647	7.0	3.335337054529841	0.0	0.0	16.028179582308592	-0.1166948993035949	9	2	21	350	2.0	1	44	1	1	1	france	0	1	1	0	0	0	0	1	0	0	2	1	0	0
P36	0.0	0.9950248756218906	0.4975124378109453	0.0	0.0	4.477611940298507	0.0	0.0	1.2437810945273633	0.0	1.7412935323383083	3.233830845771144	0.0	0.0	0.2487562189054726	0.0	0.2487562189054726	0.0222222222222222	0.0	0.0	0.0	0.5555555555555556	0.0	0.2666666666666666	0.0	0.0222222222222222	56.0	1.0	4.0	5.418918918918919	7.023140817281952	0.0	98.0	540.0	0.0541575492341356	0.0885760848996143	8.0	3.5535024820739105	0.5002958342140107	0.1	12.887934995208903	0.3072599963147226	0.5102040816326531	1.870748299319728	0.0	0.0	0.0	4.761904761904762	0.0	1.020408163265306	1.020408163265306	0.0	4.591836734693878	1.7006802721088436	0.0	0.0	0.0	0.0	0.8503401360544218	0.0069444444444444	0.0	0.0	0.0	0.532608695652174	0.0	0.2065217391304347	0.0108695652173913	0.0652173913043478	64.0	1.0	3.0	5.26457399103139	6.98665933583559	5.0	179.0	401.0	0.0499856363114047	0.0998715253298552	7.0	3.511857148628449	0.0	0.0	8.643995075178047	-0.0045609152752009	0.0	2.1822849807445444	0.38510911424903727	0.0	0.0	8.34403080872914	0.0	0.2567394094993581	0.128369704749679	0.0	3.465982028241335	0.7702182284980745	0.128369704749679	0.2567394094993581	1.540436456996149	0.0	0.128369704749679	0.0436893203883495	0.0	0.0	0.0048543689320388	0.314516129032258	0.0	0.3064516129032258	0.0	0.1209677419354838	98.0	1.0	1.0	6.794759825327511	9.929303311090168	6.0	68.0	3216.0	0.0728628800917957	0.1121258167586965	7.0	3.305638550524784	0.7509750232542742	0.0555555555555555	6.633825417201134	0.0640760644894584	8	0	25	180	2.0	2	22	0	1	1	france	0	0	1	0	0	0	0	1	1	0	1	0	0	0
P29	0.955794504181601	1.7921146953405016	0.8363201911589008	0.0	0.5973715651135006	5.137395459976105	0.0	0.0	0.3584229390681003	0.1194743130227001	1.7921146953405016	0.1194743130227001	0.0	0.4778972520908005	0.0	0.0	0.1194743130227001	0.0228571428571428	0.0	0.0	0.0228571428571428	0.2424242424242424	0.0	0.3636363636363636	0.0	0.1717171717171717	107.0	1.0	2.0	6.796747967479675	8.378698648972927	6.0	20.0	804.0	0.0627410264016612	0.1130867020523644	6.0	3.1787954206072677	0.0	0.0	6.156939882766254	0.006795101553166	0.0	0.0	4.0	0.0	0.0	4.0	0.0	0.0	2.0	0.0	4.0	4.0	0.0	2.0	0.0	0.0	4.0	0.0	0.0	0.0	0.0	1.0	0.0	0.0	0.0	0.0	3.0	1.0	9.0	2.6486486486486487	1.5284016773620206	1.0	1.0	1.0	0.0681818181818181	0.0553410553410553	11.0	4.336336336336337	0.0	0.0	102.79999999999995	1.3545454545454547								0.0	0.0	0.0	0.0	0.0	0.0	0.0	0.0	0.0	0.0	0.0	0.0	0.0	0.0	0.0	0.0	0.0	0.0	0.0	0.0	0.0	0.0	0.0	0.0	0.0	0.0	0.0	0.0	0.0	0.0	0.0	0.0	0.1184210526315789	0.0	0.0	12	5	28	440	0.0	1	37	1	1	2	france	0	1	1	0	0	0	1	1	1	0	1	1	0	0
P24	0.1834862385321101	1.651376146788991	0.5504587155963303	0.0	0.0	4.770642201834862	0.0	0.5504587155963303	0.3669724770642202	0.1834862385321101	1.651376146788991	1.2844036697247707	0.0	0.3669724770642202	0.3669724770642202	0.0	0.0	0.0081967213114754	0.0	0.0	0.0081967213114754	0.2608695652173913	0.0108695652173913	0.3695652173913043	0.0	0.1630434782608695	49.0	1.0	3.0	5.256038647342995	6.135124955592071	4.0	26.0	136.0	0.0483565107458912	0.0745854912858748	8.0	3.529149664649876	0.4761310886875404	0.0555555555555555	9.555772094647656	0.2425796006475985	0.0	0.0	0.0	0.0	0.0	5.555555555555555	0.0	0.0	0.0	0.0	0.0	0.0	0.0	0.0	0.0	0.0	0.0	0.0	0.0	0.0	0.0	0.25	0.0	0.25	0.0	0.25	1.0	1.0	8.0	2.6923076923076925	2.8116410588457024	5.0	27.0	140.0	0.0	0.0	11.0	4.2092307692307696	0.0	0.0	131.29629629629628	1.3782051282051284	0.1935483870967742	1.4193548387096775	0.6451612903225806	0.06451612903225806	0.06451612903225806	7.03225806451613	0.0	0.064516129032258	0.2580645161290322	0.0	2.064516129032258	0.1290322580645161	0.3225806451612903	0.2580645161290322	0.3870967741935484	0.0	0.3225806451612903	0.0252525252525252	0.0025252525252525	0.0025252525252525	0.0151515151515151	0.2615384615384615	0.0038461538461538	0.3346153846153846	0.0115384615384615	0.1615384615384615	194.0	1.0	1.0	7.8232323232323235	13.953170801315103	9.0	157.0	6426.0	0.0606895742934209	0.1501266710043398	6.0	3.171921749136939	0.2722566322193563	0.0454545454545454	3.3786318285536074	0.0714960261804582	2	0	5	220	0.0	1	47	0	1	2	france	0	1	1	0	0	0	0	2	0	1	2	0	0	0
P08	1.3257575757575757	3.2196969696969697	0.5681818181818182	0.3787878787878788	0.5681818181818182	5.492424242424242	0.0	0.0	0.3787878787878788	0.3787878787878788	0.5681818181818182	0.3787878787878788	0.7575757575757576	0.5681818181818182	0.5681818181818182	0.0	0.1893939393939394	0.032258064516129	0.0	0.0	0.0	0.2333333333333333	0.0	0.2333333333333333	0.0	0.15	39.0	1.0	3.0	4.485106382978723	5.195209688942971	4.0	46.0	100.0	0.0318955042527339	0.0641887704126114	8.0	3.649208947081288	0.159512624267561	0.0263157894736842	9.99059219647402	-0.0671487603305785	0.966183574879227	2.657004830917874	1.2077294685990339	0.4830917874396135	0.4830917874396135	4.1062801932367154	0.0	0.0	0.2415458937198067	0.2415458937198067	3.3816425120772946	0.2415458937198067	1.207729468599034	0.4830917874396135	0.2415458937198067	0.0	0.4830917874396135	0.0	0.0	0.0	0.0	0.4210526315789473	0.0350877192982456	0.1052631578947368	0.0175438596491228	0.1052631578947368	43.0	1.0	2.0	4.693181818181818	5.17502295679022	9.0	55.0	159.0	0.0330618112122664	0.0466127298451791	8.0	3.583181818181818	0.0	0.0	12.518323072413043	-0.0544662309368191	0.22346368715083798	3.4636871508379885	0.22346368715083798	0.22346368715083798	0.44692737430167595	7.709497206703911	0.0	0.0	0.2234636871508379	0.0	2.905027932960894	0.6703910614525139	3.798882681564246	0.2234636871508379	1.7877094972067038	0.0	0.2234636871508379	0.0162162162162162	0.0	0.0	0.0054054054054054	0.5671641791044776	0.0149253731343283	0.1865671641791045	0.0	0.0522388059701492	117.0	1.0	1.0	5.805194805194805	9.02203501828395	3.0	65.0	390.0	0.0432385010652964	0.0977152886831079	8.0	3.408562121917171	0.4413826405316053	0.0483870967741935	5.838786911412172	0.0879465041476214	3	1	12	200	1.0	1	38	0	1	1	france	0	1	1	0	0	0	0	1	0	0	2	0	0	0
P35	0.0	3.8910505836575875	1.1673151750972763	0.0	0.0	5.836575875486381	0.0	1.556420233463035	1.556420233463035	0.0	0.3891050583657587	0.7782101167315175	0.0	0.3891050583657587	0.3891050583657587	0.0	0.0	0.0909090909090909	0.0	0.0	0.0	0.15625	0.0	0.4375	0.0	0.09375	16.0	1.0	3.0	3.764705882352941	3.2340906852705342	5.0	11.0	41.0	0.024	0.033187808923103	9.0	3.887908496732026	0.1802101799833012	0.0434782608695652	20.614145905974738	0.5198443579766537	0.0	2.7649769585253456	0.0	0.0	0.9216589861751152	5.529953917050691	0.0	0.4608294930875576	1.8433179723502304	0.0	0.4608294930875576	0.9216589861751152	0.0	0.0	0.4608294930875576	0.0	0.0	0.0303030303030303	0.0	0.0	0.0	0.3870967741935484	0.0	0.3225806451612903	0.0	0.032258064516129	14.0	1.0	5.0	4.153846153846154	4.322946891009095	4.0	154.0	130.0	0.0631578947368421	0.0764180264180264	11.0	4.012696041822255	0.0	0.0	23.997921749344695	0.3937997486384582	0.0	1.9595448798988624	0.37926675094816686	0.0	0.06321112515802782	7.332490518331227	0.0	0.0	0.1264222503160556	0.1264222503160556	2.402022756005057	0.695322376738306	0.0632111251580278	0.1896333754740834	0.316055625790139	0.0	0.1896333754740834	0.0511363636363636	0.0	0.002840909090909	0.0056818181818181	0.2827868852459016	0.0040983606557377	0.2336065573770492	0.0040983606557377	0.1926229508196721	197.0	1.0	1.0	7.121621621621622	12.691011967441	35.0	321.0	2465.0	0.0570103500933205	0.0993548665152178	6.0	3.255760274947634	0.4072520652218647	0.0576923076923076	3.338014677441736	0.0569654886125629	1	3	12	210	1.0	2	46	0	1	1	france	0	1	1	0	0	0	0	1	0	0	1	1	0	0
P14	2.2448979591836733	5.3061224489795915	0.0	0.20408163265306123	0.20408163265306123	6.530612244897959	0.0	0.0	0.6122448979591837	0.0	2.0408163265306123	2.2448979591836733	0.0	0.2040816326530612	0.2040816326530612	0.0	0.6122448979591837	0.0	0.0106382978723404	0.0	0.0212765957446808	0.4489795918367347	0.0	0.2653061224489796	0.0	0.0204081632653061	63.0	1.0	3.0	5.403314917127072	7.705045348208814	15.0	331.0	801.0	0.0492957746478873	0.0686132758478955	8.0	3.466052793124616	0.1614359953638207	0.0212765957446808	10.585948913187874	0.1162840136054422	0.7936507936507936	5.555555555555555	0.3968253968253968	0.0	1.1904761904761905	7.142857142857142	0.0	0.0	0.3968253968253968	0.0	2.380952380952381	2.380952380952381	0.0	0.0	0.0	0.0	0.7936507936507936	0.0535714285714285	0.0	0.0	0.0	0.4642857142857143	0.0	0.2857142857142857	0.0	0.0	29.0	1.0	1.0	4.365217391304348	3.728457974254839	9.0	83.0	225.0	0.0414572864321608	0.0621890811660632	8.0	3.747063310450038	0.0	0.0	20.48129981606349	0.4320987654320987	1.6566265060240966	2.2590361445783134	0.4518072289156626	0.0	0.4518072289156626	5.72289156626506	0.0	0.0	0.7530120481927711	0.0	1.957831325301205	1.8072289156626504	0.0	0.1506024096385542	0.1506024096385542	0.0	0.1506024096385542	0.024390243902439	0.0060975609756097	0.0	0.0121951219512195	0.4455445544554455	0.0	0.2376237623762376	0.0099009900990099	0.0792079207920792	75.0	1.0	2.0	5.867256637168142	8.303431879020602	9.0	245.0	1455.0	0.0708771929824561	0.1166224862870365	7.0	3.3981907571288104	0.0	0.0	7.886227838182071	0.1120553643144004	10	2	24	260	0.0	1	50	0	1	1	france	0	1	1	0	0	0	0	1	0	0	2	1	0	0
P23	0.14521691777092033	0.925757850789617	0.3630422944273008	0.14521691777092033	0.05445634416409512	6.4984570702486835	0.0	0.1089126883281902	0.1996732619350154	0.018152114721365	5.609003448901797	2.359774913777455	0.1089126883281902	0.7986930477400617	0.1815211472136504	0.0	0.2722817208204756	0.0362654320987654	0.0015432098765432	0.0030864197530864	0.0123456790123456	0.535077288941736	0.0166468489892984	0.1272294887039239	0.0190249702734839	0.0737217598097502	715.0	1.0	1.0	12.065717415115005	33.44017654556847	21.0	2989.0	176997.0	0.0736121625523878	0.2398844846585985	6.0	2.9459272496685305	3.0182937399320267	0.110091743119266	0.9572155865703268	0.0134126418410671	0.0	4.166666666666666	0.0	0.0	0.0	0.0	0.0	0.0	0.0	0.0	0.0	0.0	0.0	0.0	8.333333333333332	0.0	0.0	0.0	0.0	0.0	0.0	0.0	0.0	0.0	0.0	0.0	1.0	1.0	1.0	2.555555555555556	2.290614236454256	4.0	18.0	76.0	0.0	0.0	9.0	4.5816993464052285	0.3146579804441248	0.25	194.0476190476191	-3.583333333333333								0.0	0.0	0.0	0.0	0.0	0.0	0.0	0.0	0.0	0.0	0.0	0.0	0.0	0.0	0.0	0.0	0.0	0.0	0.0	0.0	0.0	0.0	0.0	0.0	0.0	0.0	0.0	0.0	0.0	0.0	0.0	0.0	0.03125	0.0	0.0	4	2	13	40	0.0	1	40	0	1	2	france	0	1	1	0	0	0	0	1	0	0	2	0	0	0
P03	0.7849293563579277	0.9419152276295133	1.2558869701726845	0.15698587127158556	0.0	3.767660910518053	0.0	0.0	0.0	0.0	1.726844583987441	0.1569858712715855	0.0	1.2558869701726845	0.4709576138147566	0.0	0.6279434850863422	0.019108280254777	0.0	0.0	0.0127388535031847	0.2340425531914893	0.0	0.5	0.0	0.1702127659574468	87.0	1.0	2.0	6.659685863874346	8.5500924893659	5.0	307.0	494.0	0.0727673649393605	0.1215109665271756	6.0	3.3010746762193444	0.309752415942856	0.0357142857142857	8.215073432023358	0.1080679524557075	0.0	0.0	0.0	0.0	0.0	18.181818181818183	0.0	0.0	0.0	0.0	0.0	0.0	0.0	0.0	0.0	0.0	9.090909090909092	0.0	0.0	0.0	0.0	0.0	0.0	0.0	0.0	0.0	0.0	1.0	11.0	1.818181818181818	0.385694607919935	0.0	0.0	0.0	0.0	0.0	10.0	4.0	0.0	0.0	408.57142857142856	-45.90909090909091	0.6305170239596469	1.1349306431273645	1.008827238335435	0.12610340479192939	0.0	6.431273644388398	0.0	0.0	0.0	0.0	1.5132408575031526	0.5044136191677175	0.0	0.1261034047919293	0.0	0.0	0.5044136191677175	0.0505617977528089	0.0	0.0	0.0224719101123595	0.225	0.0083333333333333	0.175	0.0	0.3166666666666666	99.0	1.0	3.0	6.336	8.190183392330113	6.0	156.0	702.0	0.0732513310078942	0.0934331987291739	7.0	3.3711807228915665	0.7489713004676517	0.0396039603960396	6.548382512461113	0.1431749506293273	9	2	16	420	0.0	1	30	0	1	3	france	0	1	1	0	1	0	0	1	0	0	2	0	0	0
P30	0.09398496240601503	1.644736842105263	0.2349624060150376	0.0	0.023496240601503758	6.5319548872180455	0.0	0.2584586466165413	0.0	0.0	2.5140977443609023	0.681390977443609	0.281954887218045	0.6578947368421052	0.281954887218045	0.0	0.093984962406015	0.0576307363927428	0.0	0.0021344717182497	0.0117395944503735	0.286624203821656	0.0047770700636942	0.3312101910828025	0.0047770700636942	0.1640127388535031	566.0	1.0	1.0	10.854591836734691	26.413833329525144	36.0	1216.0	42177.0	0.0763081395348837	0.2044783105453045	7.0	3.058461698855788	1.6754257463903026	0.0616113744075829	1.2317889127529658	0.0214364270993749	0.0	2.644230769230769	0.0	0.0	0.0	5.769230769230769	0.0	0.2403846153846154	0.2403846153846154	0.2403846153846154	1.4423076923076923	0.7211538461538461	0.0	0.9615384615384616	0.4807692307692308	0.0	0.4807692307692308	0.034090909090909	0.0	0.0	0.034090909090909	0.2153846153846154	0.0	0.4	0.0	0.1846153846153846	32.0	1.0	2.0	4.662921348314606	5.513912577758395	1.0	81.0	130.0	0.0401785714285714	0.0632374090834973	7.0	3.597473497111661	0.1658186353364223	0.0416666666666666	12.551628780190828	0.1465678418803419								0.0	0.0	0.0	0.0	0.0	0.0	0.0	0.0	0.0	0.0	0.0	0.0	0.0	0.0	0.0	0.0	0.0	0.0	0.0	0.0	0.0	0.0	0.0	0.0	0.0	0.0	0.0	0.0	0.0	0.0	0.0	0.0	0.0476190476190476	0.0	0.0	0	0	1	50	2.0	2	46	0	1	2	france	0	0	1	0	1	0	0	1	1	0	1	1	1	0
P13	0.0	3.3333333333333335	0.5555555555555556	0.8333333333333334	0.0	6.111111111111111	0.0	0.0	0.2777777777777778	0.0	2.2222222222222223	0.5555555555555556	0.0	0.0	0.2777777777777778	0.0	0.2777777777777778	0.0125	0.0	0.0	0.0125	0.25	0.0454545454545454	0.3636363636363636	0.0	0.0909090909090909	38.0	1.0	1.0	4.432098765432099	3.999809475724718	2.0	24.0	74.0	0.0440852314474651	0.042742134408801	8.0	3.8602101065869183	0.3397833251525561	0.0588235294117647	14.259481037924214	-0.029320987654321	0.8620689655172413	2.1551724137931036	0.43103448275862066	0.43103448275862066	0.0	5.172413793103448	0.0	0.0	0.4310344827586206	0.0	1.7241379310344829	3.0172413793103448	0.0	0.4310344827586206	0.0	0.0	0.0	0.02	0.0	0.0	0.02	0.4285714285714285	0.0	0.1428571428571428	0.0714285714285714	0.0714285714285714	14.0	1.0	2.0	3.948717948717949	3.172656019739987	5.0	35.0	62.0	0.0466321243523316	0.0622531789198455	9.0	4.040377247273799	0.0	0.0	22.840477696931213	0.2097701149425287	0.48169556840077066	1.1560693641618496	0.5780346820809248	0.1926782273603083	0.0	8.477842003853564	0.0	0.0	0.1926782273603083	0.0963391136801541	3.275529865125241	1.1560693641618496	0.0	0.3853564547206166	0.0	0.0	0.2890173410404624	0.0522388059701492	0.0	0.003731343283582	0.0111940298507462	0.3618421052631579	0.0	0.3026315789473684	0.0	0.0592105263157894	140.0	1.0	3.0	6.983164983164984	10.438680306846177	14.0	214.0	1736.0	0.0782482106029358	0.1321451531722685	7.0	3.3017108017108017	0.7199371112064414	0.037593984962406	5.034720334699863	0.0012358653977151	3	2	12	430	0.0	2	28	0	0	0	france	0	1	1	0	0	0	0	1	0	0	1	0	0	0
P27	0.09950248756218905	2.8855721393034823	0.4975124378109453	0.2985074626865672	0.1492537313432836	7.313432835820896	0.0	0.0	0.099502487562189	0.0	3.134328358208955	0.5970149253731344	0.1492537313432836	0.2985074626865672	0.0497512437810945	0.0	0.099502487562189	0.048661800486618	0.0	0.0048661800486618	0.0097323600973236	0.3233532934131736	0.0	0.1796407185628742	0.0	0.1407185628742515	284.0	1.0	2.0	9.75242718446602	18.83427646173144	23.0	667.0	16547.0	0.0870527326625193	0.1580945170368831	6.0	3.048602744903503	0.3944311579032323	0.0344827586206896	2.5933296480558905	0.0053693282222765	0.16474464579901155	1.8121911037891267	0.3294892915980231	0.16474464579901155	0.0	9.060955518945635	0.0	0.0	0.1647446457990115	0.0	2.306425041186161	0.9884678747940692	0.4942339373970346	0.8237232289950577	0.4942339373970346	0.0	0.4942339373970346	0.0140845070422535	0.0	0.0	0.0	0.3245614035087719	0.0	0.1140350877192982	0.0	0.219298245614035	80.0	1.0	1.0	6.27979274611399	8.657827986814812	7.0	65.0	445.0	0.0613368283093053	0.1191443737028955	7.0	3.275528929188256	0.3120841093497447	0.1	8.55272255465164	0.085382080851603	0.3373493975903614	3.4698795180722892	0.5783132530120482	0.0	0.24096385542168677	7.951807228915662	0.0	0.0	0.0963855421686746	0.0	4.096385542168675	0.4819277108433735	0.5301204819277108	0.9638554216867472	0.0963855421686746	0.0	0.1927710843373493	0.0329067641681901	0.0	0.0091407678244972	0.016453382084095	0.3820224719101123	0.0	0.2275280898876404	0.0028089887640449	0.1292134831460674	295.0	1.0	2.0	10.344139650872815	21.494446811006117	23.0	947.0	19658.0	0.0962036959612007	0.1882793936769144	6.0	3.02926433915212	0.2618583731973145	0.064516129032258	2.513664715299749	0.0080636270572486	2	2	9	260	0.0	1	47	0	1	2	france	0	0	1	0	1	0	1	1	0	0	2	0	0	0
P12	0.776914539400666	2.9966703662597114	0.4439511653718091	0.11098779134295228	0.22197558268590456	6.437291897891232	0.0	0.2219755826859045	0.1109877913429522	0.0	1.3318534961154271	0.3329633740288568	0.1109877913429522	0.4439511653718091	0.0	0.0	0.776914539400666	0.0684210526315789	0.0	0.0	0.0368421052631578	0.2110091743119266	0.0091743119266055	0.3853211009174312	0.0091743119266055	0.146788990825688	138.0	1.0	2.0	7.43801652892562	10.648705009525434	11.0	177.0	1472.0	0.0719053398058252	0.1350315900702134	6.0	3.1771201261959465	0.1469830568414279	0.0178571428571428	5.714847962468372	0.0162319644839067	0.0	5.828220858895705	0.0	0.0	0.0	5.521472392638037	0.0	0.6134969325153374	0.0	0.0	0.3067484662576687	0.0	0.0	0.0	0.3067484662576687	0.0	0.0	0.0273972602739726	0.0	0.0	0.0410958904109589	0.1923076923076923	0.0384615384615384	0.2307692307692307	0.0	0.25	44.0	1.0	3.0	5.0	5.3894483805074005	11.0	91.0	119.0	0.0573108008817046	0.0798517530602551	8.0	3.4772808586762074	0.0	0.0	15.781554862717565	0.1006134969325153	0.14513788098693758	2.9027576197387517	0.29027576197387517	0.14513788098693758	0.14513788098693758	4.499274310595065	0.0	0.1451378809869375	0.0	0.0	1.161103047895501	0.0	0.2902757619738751	0.1451378809869375	0.4354136429608127	0.0	0.0	0.032051282051282	0.0	0.0	0.0	0.1789473684210526	0.0	0.4842105263157895	0.0	0.1473684210526315	85.0	1.0	2.0	6.008733624454148	7.930369059389799	4.0	48.0	475.0	0.0491695804195804	0.1064722179847602	7.0	3.330728568145254	0.3060330777489087	0.054054054054054	7.529961575821643	0.0178239502966414	6	2	16	130	1.0	1	50	0	1	2	france	0	1	1	0	0	0	0	1	0	0	1	0	0	1
P04	0.7602339181286549	2.046783625730994	0.5263157894736842	0.0	0.17543859649122806	7.309941520467836	0.0	0.1169590643274853	0.175438596491228	0.0584795321637426	2.865497076023392	2.631578947368421	1.0526315789473684	1.1695906432748535	0.175438596491228	0.0	0.175438596491228	0.0236686390532544	0.0	0.0	0.0	0.475177304964539	0.0	0.2482269503546099	0.0	0.0496453900709219	212.0	1.0	1.0	7.241525423728813	14.150407709711002	6.0	148.0	4542.0	0.0578829704510108	0.1331062996836137	7.0	3.266211450573968	1.0746551299761955	0.0588235294117647	3.052511697780397	0.0374718848403058	1.837270341207349	2.3622047244094486	0.7874015748031495	0.0	0.5249343832020997	5.511811023622047	0.0	0.0	0.0	0.0	1.574803149606299	2.099737532808399	0.0	0.5249343832020997	0.0	0.0	1.0498687664041997	0.0317460317460317	0.0	0.0	0.0	0.3061224489795918	0.0	0.3265306122448979	0.0	0.1020408163265306	42.0	1.0	1.0	4.662576687116564	4.945371336427835	2.0	24.0	80.0	0.0684782608695652	0.0899136366927777	8.0	3.6779519806104672	0.0	0.0	13.650836380495184	0.296490716438223	1.539084649655731	1.9846091535034427	1.2960712839206157	0.04050222762251924	0.24301336573511542	4.738760631834751	0.0	0.1620089104900769	0.3645200486026731	0.0	2.227622519238558	1.7415957877683272	0.5670311867152693	0.6480356419603078	0.0810044552450384	0.0	0.1620089104900769	0.0338345864661654	0.0	0.0	0.0056390977443609	0.3622448979591837	0.0025510204081632	0.2551020408163265	0.0076530612244897	0.1122448979591836	313.0	1.0	1.0	8.351945854483926	17.68576986179887	14.0	384.0	12992.0	0.0684946932800315	0.117924454555666	6.0	3.1635492844647106	1.9202289553576464	0.0604651162790697	2.118434351726749	0.0139884568651275	5	7	23	860	2.0	1	34	0	1	1	france	0	0	1	0	1	0	0	1	1	1	2	0	1	1
P10	0.0	3.1598513011152414	0.7434944237918215	0.0	0.0	9.293680297397769	0.0	0.0	1.3011152416356877	0.0	3.903345724907063	2.41635687732342	0.0	0.0	0.1858736059479553	0.0	0.1858736059479553	0.0413223140495867	0.0	0.0	0.0082644628099173	0.5	0.0	0.2051282051282051	0.0	0.1153846153846153	68.0	1.0	1.0	5.62303664921466	6.911125653210796	1.0	53.0	406.0	0.0886302596239928	0.1124218601926769	7.0	3.3952604023146877	0.3180733123787919	0.0555555555555555	9.608787284489166	0.0967902801704597	0.0	0.0	5.88235294117647	0.0	5.88235294117647	0.0	0.0	0.0	0.0	0.0	0.0	0.0	0.0	0.0	0.0	0.0	0.0	0.0	0.0	0.0	0.0	0.0	0.0	1.0	0.0	0.0	1.0	1.0	2.0	2.909090909090909	2.906248611481051	3.0	13.0	45.0	0.0	0.0	5.0	2.727272727272727	0.0	0.0	253.72549019607848	0.9117647058823533	0.5434782608695652	3.532608695652174	0.8152173913043478	0.4076086956521739	0.4076086956521739	9.510869565217392	0.0	0.0	0.1358695652173913	0.0	2.717391304347826	0.5434782608695652	0.0	0.1358695652173913	0.1358695652173913	0.0	0.2717391304347826	0.0887573964497041	0.0	0.0	0.0118343195266272	0.3211009174311927	0.0	0.2844036697247706	0.0	0.091743119266055	93.0	1.0	2.0	6.475770925110132	8.453713502524614	5.0	97.0	671.0	0.0667681186988777	0.0950642878660693	6.0	3.243460293945655	0.4544607514118407	0.0410958904109589	7.11337670580751	0.1340973534971644	6	0	14	230	0.0	1	36	0	1	2	france	0	1	1	0	0	0	0	2	1	0	2	1	0	1
P18	0.7380073800738007	3.3210332103321036	0.4920049200492005	0.24600246002460024	0.36900369003690037	7.503075030750307	0.0	0.0	0.1230012300123001	0.0	2.706027060270603	0.984009840098401	0.3690036900369003	0.7380073800738007	0.1230012300123001	0.0	0.1230012300123001	0.0517241379310344	0.0057471264367816	0.0	0.0057471264367816	0.3823529411764705	0.0	0.2549019607843137	0.0098039215686274	0.1372549019607843	101.0	1.0	4.0	6.4189723320158105	8.451112360492507	3.0	149.0	702.0	0.0752705805182026	0.1239099428256753	7.0	3.299861973775017	0.2984748928591118	0.0344827586206896	6.496997788510615	0.1403709983045776	0.4282655246252677	1.7130620985010707	0.5710206995003569	0.0	0.14275517487508924	7.851534618129907	0.0	0.0	0.0713775874375446	0.0	3.354746609564597	0.9992862241256246	0.4282655246252677	0.2855103497501784	0.2141327623126338	0.0	0.0713775874375446	0.0305084745762711	0.0	0.0	0.0033898305084745	0.3945945945945946	0.0216216216216216	0.254054054054054	0.027027027027027	0.1297297297297297	180.0	1.0	1.0	7.671232876712328	11.999377603174953	8.0	88.0	1838.0	0.0652031215812121	0.096251438259331	7.0	3.216905012795424	0.9661913702449612	0.0845070422535211	3.752687540259021	0.0601416869388726	0.0	1.3975155279503106	0.4658385093167702	0.0	0.3105590062111801	6.211180124223603	0.0	0.15527950310559	0.15527950310559	0.0	2.7950310559006213	0.3105590062111801	0.0	0.15527950310559	0.0	0.0	0.15527950310559	0.0294117647058823	0.0	0.0	0.0073529411764705	0.351063829787234	0.0106382978723404	0.2234042553191489	0.0106382978723404	0.1808510638297872	68.0	1.0	3.0	5.380753138075314	6.148221998464798	15.0	73.0	279.0	0.0521885521885521	0.0643700135627057	9.0	3.6662213002355752	0.1546144992752814	0.0277777777777777	8.219189277541432	0.193335709194583	16	2	49	780	2.0	1	49	0	1	1	france	0	0	1	0	1	0	0	1	1	1	1	0	1	1
P19	0.0765696784073507	2.833078101071975	0.5359877488514548	0.0765696784073507	0.0	7.044410413476264	0.0	0.0	0.0	0.0765696784073507	1.3782542113323124	0.9954058192955588	0.0	1.0719754977029097	0.4594180704441041	0.0	0.0	0.0223880597014925	0.0	0.0	0.0149253731343283	0.2958579881656805	0.0059171597633136	0.3431952662721893	0.0	0.1834319526627219	170.0	1.0	1.0	7.587209302325581	13.107270275403328	12.0	210.0	2340.0	0.0681502086230876	0.1235347880992025	7.0	3.2627296765882434	0.2787563554543897	0.0377358490566037	4.004014870637661	0.0192925562261658	0.07342143906020558	3.2305433186490458	0.2936857562408223	0.0	0.22026431718061676	6.093979441997063	0.0	0.0734214390602055	0.0734214390602055	0.0	4.625550660792952	1.1013215859030838	0.881057268722467	0.6607929515418502	0.3671071953010278	0.0	0.3671071953010278	0.0223642172523961	0.0	0.0	0.0191693290734824	0.5052631578947369	0.0	0.1842105263157894	0.0	0.0894736842105263	165.0	1.0	3.0	8.101190476190476	13.82356505984324	8.0	112.0	3701.0	0.0851191668335669	0.1659099672227368	7.0	3.086442786069652	0.2771346142841511	0.032258064516129	3.816817469098444	0.0553097049793085	0.04219409282700422	1.729957805907173	0.37974683544303794	0.04219409282700422	0.02109704641350211	5.548523206751055	0.0	0.0632911392405063	0.2320675105485232	0.210970464135021	3.649789029535865	1.2236286919831223	0.7172995780590717	0.9071729957805906	0.2531645569620253	0.0	0.0421940928270042	0.0337477797513321	0.0	0.0017761989342806	0.0124333925399644	0.438880706921944	0.0103092783505154	0.2312223858615611	0.0029455081001472	0.101620029455081	638.0	1.0	1.0	11.744733581164809	30.28344853896749	31.0	1365.0	81685.0	0.0876546378522663	0.2047033280535424	6.0	2.999738639263762	0.236300691464142	0.0392156862745098	1.1095476267972606	0.0153749048903645	3	2	16	820	2.0	2	38	0	1	2	france	0	0	1	0	0	0	0	2	1	0	2	0	0	0
P37	0.6107717934480844	1.2770682953914492	0.22209883398112162	0.0	0.1665741254858412	5.441421432537479	0.0	0.0555247084952804	0.0	0.0	4.053303720155469	0.7218212104386451	2.8872848417545804	0.6107717934480844	1.2770682953914492	0.0	0.4441976679622432	0.0211764705882352	0.0047058823529411	0.0023529411764705	0.0070588235294117	0.4377104377104377	0.0067340067340067	0.1851851851851851	0.0067340067340067	0.1043771043771043	234.0	1.0	2.0	8.430913348946136	14.732804603479098	13.0	107.0	4507.0	0.0663821496497657	0.1316333553751403	7.0	3.131411419335686	0.8004164999086151	0.0375	2.8907944536214805	0.0141177320949242	2.4539877300613497	0.6134969325153374	0.0	0.0	0.0	3.067484662576687	0.0	1.2269938650306749	0.0	0.0	1.2269938650306749	0.6134969325153374	0.0	0.0	1.2269938650306749	0.0	1.2269938650306749	0.0	0.0	0.0	0.0689655172413793	0.1363636363636363	0.0	0.2727272727272727	0.0	0.2272727272727272	18.0	1.0	3.0	3.8117647058823527	2.9405646422455867	5.0	27.0	62.0	0.0331858407079646	0.0639711269123033	8.0	3.907282913165266	0.0	0.0	30.98118334911688	-0.2181322426721199								0.0	0.0	0.0	0.0	0.0	0.0	0.0	0.0	0.0	0.0	0.0	0.0	0.0	0.0	0.0	0.0	0.0	0.0	0.0	0.0	0.0	0.0	0.0	0.0	0.0	0.0	0.0	0.0	0.0	0.0	0.0	0.0	0.0357142857142857	0.0	0.0	2	3	25	260	1.0	1	25	0	0	0	france	0	1	1	0	0	0	1	1	0	0	1	0	1	0
P33	0.29940119760479045	1.4970059880239521	0.0	0.0	0.0	5.688622754491018	0.0	0.8982035928143712	0.2994011976047904	0.0	1.1976047904191618	2.9940119760479043	0.0	0.8982035928143712	1.497005988023952	0.0	0.0	0.0	0.0	0.0	0.0294117647058823	0.3902439024390244	0.024390243902439	0.1951219512195122	0.0	0.1219512195121951	27.0	1.0	2.0	4.5	4.544821823284759	3.0	7.0	213.0	0.0626151012891344	0.0887038262038262	7.0	3.4900717043574185	0.0	0.0	15.448720393607502	0.2781533706779989	0.0	1.2006861063464835	0.0	0.0	0.0	5.831903945111493	0.0	0.1715265866209262	0.0	0.3430531732418524	0.5145797598627788	1.5437392795883362	0.0	0.6861063464837049	0.0	0.0	0.5145797598627788	0.02	0.0	0.0	0.04	0.2816901408450704	0.0	0.3943661971830985	0.0	0.1549295774647887	63.0	1.0	2.0	5.219730941704036	5.8264254915278135	7.0	45.0	328.0	0.0403053435114503	0.0806061646961145	8.0	3.647881064921424	0.4710916799729395	0.2	8.948787061994857	0.0633188569760227	0.05379236148466917	2.0441097364174285	0.05379236148466917	0.0	0.05379236148466917	5.27165142549758	0.0	0.0	0.2151694459386766	0.1613770844540075	1.9365250134480905	0.8068854222700376	0.0	0.4303388918773533	0.0537923614846691	0.0	0.0537923614846691	0.0516795865633074	0.0	0.0025839793281653	0.0051679586563307	0.2471042471042471	0.0038610038610038	0.2548262548262548	0.0038610038610038	0.2857142857142857	249.0	1.0	2.0	8.167032967032966	15.989371847444046	16.0	298.0	7366.0	0.0589145915343447	0.1458161724541411	6.0	3.1160091010311275	0.0	0.0	2.8349863506988826	0.0368395229809119	8	0	19	300	0.0	2	32	0	1	2	france	0	1	1	0	0	0	0	1	0	0	2	1	0	1
P07	0.17072129748186088	2.9449423815621	0.34144259496372176	0.2987622705932565	0.04268032437046522	6.828851899274435	0.0	0.0426803243704652	0.1280409731113956	0.0426803243704652	1.792573623559539	0.4694835680751174	0.1280409731113956	0.5548442168160478	0.2560819462227913	0.0	0.0426803243704652	0.0477815699658703	0.0	0.0	0.0204778156996587	0.2393162393162393	0.0	0.433048433048433	0.0056980056980056	0.150997150997151	370.0	1.0	1.0	10.645454545454545	21.04144670261156	26.0	948.0	17180.0	0.0949788935792046	0.1758391339306763	7.0	3.0836301511700146	1.546553694584774	0.0845070422535211	2.2367428037419064	0.0406096947722941	0.0	0.0	0.0	0.0	0.0	2.380952380952381	0.0	0.0	0.0	0.0	0.0	0.0	0.0	2.380952380952381	0.0	0.0	2.380952380952381	0.0	0.0	0.0	0.0	0.0	0.0	0.0	0.0	0.5	2.0	1.0	2.0	3.1538461538461537	4.09213417792935	8.0	72.0	584.0	0.0	0.0	8.0	3.9753846153846153	0.0	0.0	111.89285714285724	0.3996598639455782	0.0	3.1473533619456364	0.5722460658082975	0.5722460658082975	0.14306151645207438	7.0100143061516444	0.0	0.0	0.0	0.0	1.430615164520744	0.7153075822603719	0.0	0.1430615164520743	0.1430615164520743	0.0	0.8583690987124464	0.0649350649350649	0.0	0.0	0.0129870129870129	0.2365591397849462	0.0	0.2258064516129032	0.0	0.3655913978494624	96.0	1.0	1.0	6.069565217391304	7.142307189198538	15.0	95.0	816.0	0.0564625850340136	0.1047886386625497	8.0	3.419327890639833	0.3053597937831238	0.1428571428571428	7.453211199930932	0.0605187862359762	1	0	9	410	0.0	1	48	0	1	2	france	0	1	0	0	0	0	0	1	0	0	1	1	0	0
P39	0.24429967426710095	3.9902280130293155	0.4885993485342019	0.0	0.7328990228013029	7.41042345276873	0.0	0.0	0.2442996742671009	0.2442996742671009	1.6286644951140066	0.8957654723127036	0.0	0.5700325732899023	0.1628664495114006	0.0	0.0814332247557003	0.0256410256410256	0.0	0.0	0.0128205128205128	0.2738095238095238	0.0	0.2142857142857142	0.0059523809523809	0.2619047619047619	136.0	1.0	2.0	6.779005524861878	11.149699651826335	16.0	540.0	1645.0	0.0646953112236562	0.1061135261760258	7.0	3.249613565755039	0.2811696953940834	0.0253164556962025	4.254329123298388	0.0328267300405504	0.0	2.7777777777777777	1.1111111111111112	0.0	0.5555555555555556	4.444444444444445	0.0	0.5555555555555556	0.0	0.0	3.333333333333333	2.2222222222222223	0.0	0.5555555555555556	0.0	0.0	0.0	0.0	0.0	0.0	0.0	0.4333333333333333	0.0	0.2	0.0	0.1333333333333333	13.0	1.0	1.0	3.768421052631579	3.845578819149808	6.0	18.0	108.0	0.0378548895899053	0.047674956622325	7.0	3.691377379619261	0.0	0.0	28.445736434108465	0.1645299145299144	0.2958579881656805	3.451676528599606	0.2958579881656805	0.0	0.39447731755424065	7.001972386587771	0.0	0.0	0.0	0.0986193293885601	0.8875739644970414	0.0986193293885601	0.1972386587771203	0.2958579881656805	0.6903353057199211	0.0	0.1972386587771203	0.0101010101010101	0.005050505050505	0.0	0.0101010101010101	0.1702127659574468	0.0070921985815602	0.4042553191489361	0.0	0.1418439716312056	125.0	1.0	1.0	6.642622950819672	9.95465883214444	21.0	167.0	1500.0	0.0648106904231625	0.1324975700178871	6.0	3.2318377911993097	0.1444740513609514	0.0106382978723404	5.155063158336449	0.0559527722989261	16	8	57	430	0.0	2	38	1	1	2	france	0	1	1	0	0	0	0	1	1	0	2	1	0	0
P15	0.3076923076923077	4.246153846153846	0.3076923076923077	0.12307692307692308	0.1846153846153846	6.4	0.0	0.0	0.0	0.2461538461538461	1.2307692307692308	0.3076923076923077	0.123076923076923	0.4923076923076923	0.676923076923077	0.0	0.4923076923076923	0.0227272727272727	0.0097402597402597	0.0	0.0097402597402597	0.2439024390243902	0.0	0.3804878048780488	0.0	0.1463414634146341	210.0	1.0	2.0	7.2825112107623315	13.886826643691393	34.0	532.0	5113.0	0.0522025395830067	0.1173208327575063	7.0	3.2216355116642315	0.5410330930645411	0.032520325203252	3.184055011032875	0.0036467236467236	0.0	3.925619834710744	0.4132231404958678	0.0	0.2066115702479339	4.958677685950414	0.0	0.2066115702479339	0.0	0.0	0.2066115702479339	0.6198347107438017	0.0	0.4132231404958678	0.0	0.0	0.0	0.0379746835443038	0.0	0.0	0.0	0.1016949152542373	0.0338983050847457	0.2542372881355932	0.0	0.2711864406779661	37.0	1.0	3.0	4.493023255813953	5.133446883570134	10.0	88.0	433.0	0.0385542168674698	0.0590734570187374	7.0	3.675853075418387	0.1617577265743362	0.0222222222222222	10.773291179026316	0.1145402892561982	0.2638522427440633	5.277044854881266	0.0	0.5277044854881267	0.0	5.277044854881266	0.0	0.0	0.2638522427440633	0.0	4.749340369393139	2.638522427440633	0.0	0.79155672823219	0.2638522427440633	0.0	0.5277044854881267	0.0434782608695652	0.0	0.0	0.0	0.4769230769230769	0.0	0.1076923076923077	0.0153846153846153	0.0307692307692307	37.0	1.0	2.0	4.344827586206897	5.036253821689329	3.0	127.0	195.0	0.0562390158172231	0.0983518780070504	8.0	3.781542754634244	0.1684200256571097	0.027027027027027	13.849762081951951	0.3321711270260082	15	3	41	380	1.0	1	49	0	0	0	france	0	1	1	0	0	0	0	1	0	0	2	1	0	1
P28	0.6230529595015576	6.5420560747663545	0.0	0.0	2.1806853582554515	5.29595015576324	0.0	0.6230529595015576	0.3115264797507788	0.0	0.3115264797507788	0.3115264797507788	0.0	0.3115264797507788	0.9345794392523364	0.0	0.6230529595015576	0.0161290322580645	0.0	0.0	0.0	0.1063829787234042	0.0	0.4042553191489361	0.0	0.1489361702127659	26.0	1.0	3.0	4.2105263157894735	4.309767943055832	2.0	32.0	50.0	0.0483221476510067	0.063207851230297	7.0	3.632101777622865	0.173266949911753	0.05	16.25684299670317	0.3193146417445482	0.0	5.263157894736842	0.0	0.0	5.263157894736842	0.0	0.0	5.263157894736842	0.0	0.0	5.263157894736842	0.0	0.0	0.0	0.0	0.0	0.0	0.0	0.0	0.0	0.0	1.0	0.0	0.0	0.0	0.0	2.0	1.0	3.0	2.769230769230769	2.258448962446645	2.0	6.0	14.0	0.0	0.0	6.0	2.8205128205128207	0.0	0.0	234.73684210526324	-1.0526315789473684	2.5	5.416666666666667	0.4166666666666667	0.0	2.083333333333333	3.75	0.0	0.0	0.4166666666666667	0.0	5.416666666666667	2.083333333333333	0.0	0.0	0.8333333333333334	0.0	0.4166666666666667	0.0	0.0	0.0	0.0	0.5714285714285714	0.0	0.1428571428571428	0.0	0.0	21.0	1.0	1.0	3.983333333333333	3.603200737615871	0.0	16.0	3.0	0.0329670329670329	0.0444745069745069	8.0	3.789495798319328	0.5473814352598613	0.05	21.471238938052768	-0.0222222222222222	4	0	13	240	0.0	1	58	0	1	1	france	0	1	1	0	0	0	0	1	0	0	1	1	0	0
P01	0.0	5.51948051948052	0.0	0.0	2.272727272727273	7.467532467532467	0.0	0.3246753246753247	0.0	0.0	0.0	0.3246753246753247	0.0	0.0	0.0	0.0	0.0	0.0204081632653061	0.0	0.0	0.0	0.054054054054054	0.0	0.4594594594594595	0.0	0.1621621621621621	24.0	1.0	4.0	4.120805369127517	4.026610731403403	5.0	35.0	47.0	0.0426008968609865	0.0586132808280459	9.0	3.807545800834392	0.3490340614910062	0.1428571428571428	16.93978748524209	0.1326933935629588	0.0	4.326923076923077	0.0	0.0	1.4423076923076923	6.730769230769231	0.0	0.0	0.4807692307692308	0.0	0.4807692307692308	0.0	0.0	0.0	0.4807692307692308	0.0	0.4807692307692308	0.0465116279069767	0.0	0.0	0.0232558139534883	0.074074074074074	0.0	0.4814814814814814	0.0	0.074074074074074	20.0	1.0	4.0	4.14	3.655188093655372	4.0	10.0	7.0	0.0336605890603085	0.0428419913419913	8.0	3.627070707070707	0.0	0.0	24.863822725497787	0.5352564102564102	0.0	4.878048780487805	0.0	0.0	0.975609756097561	9.268292682926829	0.0	0.0	0.0	0.0	2.4390243902439024	0.4878048780487805	0.0	0.4878048780487805	0.4878048780487805	0.0	0.4878048780487805	0.0	0.0	0.0	0.0	0.2333333333333333	0.0	0.3	0.0	0.0666666666666666	13.0	1.0	10.0	3.4285714285714284	3.184973724075164	5.0	19.0	62.0	0.0602582496413199	0.058597611538788	13.0	4.532260361771828	0.0	0.0	25.16721146592888	-0.0360802424592293	1	0	3	150	0.0	1	41	0	1	1	france	0	1	0	0	0	0	0	1	0	0	1	0	0	0
P20	0.5761316872427984	1.728395061728395	0.0823045267489712	0.0823045267489712	0.0	8.395061728395062	0.0	0.0	0.0823045267489712	0.0823045267489712	1.3991769547325104	0.9876543209876544	0.0	0.3292181069958848	0.411522633744856	0.0	0.5761316872427984	0.0	0.0049261083743842	0.0	0.0197044334975369	0.2292993630573248	0.0127388535031847	0.4394904458598726	0.0063694267515923	0.1464968152866242	167.0	1.0	2.0	6.917378917378917	11.793885613285836	7.0	153.0	1303.0	0.0562451844876294	0.1091743477045848	7.0	3.2583475783475784	1.1263640585191526	0.1521739130434782	4.300105187399868	0.0427766948234784	0.0	0.0	16.666666666666664	0.0	0.0	0.0	0.0	0.0	0.0	0.0	0.0	0.0	0.0	0.0	0.0	0.0	0.0	0.0	0.0	0.0	0.0	1.0	0.0	0.0	0.0	0.0	0.0	1.0	6.0	1.6666666666666667	0.4714045207910317	0.0	0.0	0.0	0.0	0.0	5.0	2.333333333333333	0.0	0.0	681.9999999999999	-1.6666666666666667	0.4694835680751174	1.8779342723004695	0.1564945226917058	0.05216484089723526	0.3651538862806468	8.346374543557642	0.0	0.0	0.0	0.0	0.8868022952529996	0.7824726134585289	0.0	0.5216484089723527	0.0521648408972352	0.0	0.1043296817944705	0.0344827586206896	0.0024630541871921	0.0	0.0073891625615763	0.1419939577039275	0.0	0.4199395770392749	0.0030211480362537	0.1510574018126888	247.0	1.0	2.0	8.669683257918551	16.539256314816146	10.0	190.0	6076.0	0.0621240644657697	0.142032219495683	6.0	3.154225792881255	0.1323010894855883	0.0104166666666666	2.763754433570362	0.0588522024679955	2	0	2	0	0.0	2	36	1	1	2	france	0	1	0	0	0	0	0	1	0	0	1	0	0	0
P06	1.1286681715575622	2.2573363431151243	0.2257336343115124	0.1128668171557562	0.2257336343115124	4.740406320541761	0.0	0.0	0.1128668171557562	0.0	2.031602708803612	0.2257336343115124	0.0	0.5643340857787811	0.4514672686230248	0.0	0.2257336343115124	0.0283018867924528	0.0	0.0047169811320754	0.0	0.1703703703703703	0.0	0.3925925925925926	0.0074074074074074	0.1925925925925926	93.0	1.0	1.0	5.709677419354839	8.673257186231847	9.0	211.0	1371.0	0.0455497382198952	0.0630776927349943	7.0	3.628729512475206	0.7367332447177153	0.0512820512820512	5.885745774137154	0.1135722347629796	0.23923444976076555	3.110047846889952	0.4784688995215311	0.0	0.0	8.133971291866029	0.0	0.0	0.0	0.0	0.4784688995215311	0.0	0.0	0.4784688995215311	1.1961722488038278	0.0	0.7177033492822966	0.0348837209302325	0.0	0.0	0.0116279069767441	0.1111111111111111	0.0	0.3174603174603174	0.0	0.3333333333333333	47.0	1.0	4.0	4.607734806629834	4.712244055667078	4.0	50.0	76.0	0.0417782538832351	0.0837660366875426	8.0	3.7359729895641496	0.0	0.0	12.436182594077351	0.0637031267386224	0.21505376344086022	2.3655913978494625	1.0752688172043012	0.0	0.0	4.086021505376344	0.0	0.0	0.0	0.0	4.516129032258064	0.6451612903225806	0.0	0.2150537634408602	0.8602150537634409	0.0	0.2150537634408602	0.048780487804878	0.0	0.016260162601626	0.008130081300813	0.3636363636363636	0.0151515151515151	0.2424242424242424	0.0	0.1969696969696969	49.0	1.0	2.0	4.758974358974359	5.309725858427178	8.0	48.0	365.0	0.0609284332688588	0.0792015371825264	8.0	3.8188739095955593	0.4884372728291962	0.075	11.342194584790947	0.1798439806029938	6	0	21	220	1.0	1	58	0	1	2	france	0	0	1	1	0	0	0	1	0	0	2	1	0	0
P110	0.10718113612004287	1.3933547695605575	0.21436227224008575	0.3215434083601286	0.0	7.502679528403002	0.0	0.0	0.3215434083601286	0.5359056806002144	1.607717041800643	1.0718113612004287	0.0	0.964630225080386	0.1071811361200428	0.0	0.2143622722400857	0.0160427807486631	0.0	0.0	0.0374331550802139	0.3357142857142857	0.0142857142857142	0.2285714285714285	0.0214285714285714	0.05	104.0	1.0	1.0	6.5174825174825175	8.866021527056306	25.0	253.0	1546.0	0.0547770700636942	0.0691279882600091	7.0	3.355563734511103	0.4386987772570527	0.09375	5.618004415711592	0.0106768900981119	0.0	1.4274385408406027	0.0	0.07930214115781126	0.0	8.009516256938937	0.0	0.0	0.0793021411578112	0.0	2.9341792228390164	0.317208564631245	0.0	0.7137192704203014	0.1586042823156225	0.0	0.0793021411578112	0.0136986301369863	0.0	0.0034246575342465	0.0376712328767123	0.2889908256880734	0.0045871559633027	0.3211009174311927	0.0275229357798165	0.091743119266055	164.0	1.0	1.0	7.455621301775148	11.259425285070224	17.0	105.0	1628.0	0.0690022100351968	0.1574315671338154	6.0	3.1650132565448703	0.700313427350778	0.0579710144927536	4.174272547325362	0.0861827681112095	0.0	2.135678391959799	0.0	0.25125628140703515	0.0	5.402010050251256	0.0	0.628140703517588	0.0	0.0	1.256281407035176	0.3768844221105527	0.0	0.0	0.1256281407035175	0.0	0.5025125628140703	0.0173410404624277	0.0	0.0057803468208092	0.0173410404624277	0.2635658914728682	0.0	0.3023255813953488	0.0	0.1317829457364341	96.0	1.0	2.0	6.045627376425856	9.46585869745387	9.0	85.0	1296.0	0.0531622364802933	0.1190749236563195	7.0	3.280527094882884	0.7485479084727356	0.0387596899224806	6.481328475260135	-0.0222765613783201	16	7	52	2100	2.0	1	38	2	1	1	quebec	0	1	1	0	1	1	0	2	1	0	2	0	0	1
P118	0.18331805682859761	2.383134738771769	0.36663611365719523	0.0	0.18331805682859761	4.032997250229148	0.0	0.0	0.5499541704857929	0.0	1.466544454628781	1.1915673693858846	0.0	0.2749770852428964	2.841429880843263	0.0	0.2749770852428964	0.0167597765363128	0.0055865921787709	0.0	0.0055865921787709	0.25	0.0080645161290322	0.314516129032258	0.0080645161290322	0.1290322580645161	106.0	1.0	1.0	5.860215053763441	9.689636851778465	7.0	105.0	781.0	0.0342184505885573	0.0976071026325023	7.0	3.3699968118714314	1.5725855482646105	0.1777777777777777	4.793043314766378	0.0879308746743014	1.2302284710017575	1.7574692442882252	0.17574692442882248	0.0	0.17574692442882248	4.745166959578207	0.0	0.0	0.0	0.0	1.054481546572935	0.3514938488576449	0.0	0.1757469244288224	0.7029876977152899	0.0	0.8787346221441126	0.0235294117647058	0.0	0.0	0.0	0.1506849315068493	0.0	0.1780821917808219	0.0	0.2465753424657534	52.0	1.0	2.0	4.674897119341564	5.397498609963657	5.0	37.0	146.0	0.037159372419488	0.0656354182679527	7.0	3.594361119613645	0.1576322268970566	0.0256410256410256	9.32195363227826	0.1509080257762156	0.7843137254901961	1.045751633986928	0.261437908496732	0.0	0.261437908496732	4.444444444444445	0.0	0.0	0.522875816993464	0.0	3.3986928104575163	1.30718954248366	0.261437908496732	0.130718954248366	0.7843137254901961	0.0	0.392156862745098	0.0478723404255319	0.0	0.0106382978723404	0.0106382978723404	0.4516129032258064	0.0161290322580645	0.1532258064516129	0.0161290322580645	0.0161290322580645	94.0	1.0	3.0	5.899613899613899	8.572964139470127	6.0	26.0	657.0	0.0571886691608765	0.1045203120018919	7.0	3.38472359402592	0.3012104518297004	0.0240963855421686	6.843821249429622	0.0578778872031467	11	6	47	1590	2.0	2	27	2	1	1	quebec	0	1	1	0	0	0	0	1	1	0	2	0	1	1
P113	0.4830917874396135	0.966183574879227	0.0	0.0	0.12077294685990338	10.628019323671497	0.0	0.1207729468599033	1.328502415458937	0.0	3.3816425120772946	2.536231884057971	0.0	0.6038647342995169	0.4830917874396135	0.0	0.8454106280193237	0.0416666666666666	0.0052083333333333	0.0	0.0052083333333333	0.4308943089430894	0.0	0.2520325203252032	0.0	0.048780487804878	115.0	1.0	1.0	6.2889733840304185	9.547168875997748	18.0	140.0	2772.0	0.0686619718309859	0.1254610563085059	6.0	3.295794270455403	1.4883137999920952	0.109375	6.290554454675171	0.0778743961352656	0.41279669762641896	1.4447884416924663	0.10319917440660474	0.0	0.0	10.8359133126935	0.0	0.1031991744066047	0.2063983488132094	0.0	1.6511867905056758	2.063983488132095	0.7223942208462332	0.2063983488132094	0.2063983488132094	0.0	0.1031991744066047	0.058252427184466	0.0	0.0	0.0097087378640776	0.3676470588235294	0.0	0.1764705882352941	0.0	0.1838235294117647	110.0	1.0	1.0	6.1265822784810124	9.724192835082157	6.0	170.0	1914.0	0.0566689702833448	0.1231035114374132	6.0	3.306248744223428	0.2908555899000024	0.0317460317460317	5.3555159437507305	0.1384841862441571	1.0091743119266057	1.0091743119266057	0.0	0.0	0.1834862385321101	8.073394495412845	0.0	0.1834862385321101	0.0	0.0	2.6605504587155964	1.376146788990826	0.2752293577981651	0.3669724770642202	0.1834862385321101	0.0	0.2752293577981651	0.0321428571428571	0.0	0.0	0.0071428571428571	0.4096385542168674	0.0	0.1867469879518072	0.0060240963855421	0.253012048192771	131.0	1.0	1.0	6.3313953488372094	11.075877429969117	14.0	600.0	3668.0	0.0679245283018867	0.1331762957820217	8.0	3.289375550884806	0.4289432012900101	0.046875	4.812110091742769	0.0300832088756134	8	7	40	1100	0.0	1	65	2	1	2	quebec	1	1	1	0	0	0	0	2	0	1	2	1	0	0
P111	0.0876424189307625	0.8764241893076249	0.175284837861525	0.0876424189307625	0.0876424189307625	5.959684487291849	0.0	0.5258545135845749	0.175284837861525	0.0	2.4539877300613497	1.4899211218229622	0.0	1.0517090271691498	0.6134969325153374	0.0	0.175284837861525	0.0	0.0	0.0	0.0	0.3214285714285714	0.0	0.2559523809523809	0.0059523809523809	0.1130952380952381	104.0	1.0	1.0	5.801526717557252	10.65375957533212	16.0	152.0	2692.0	0.0378033602986932	0.106864896699874	9.0	3.3479513942981773	0.7102615398338021	0.064516129032258	4.567094810770841	0.0889270406876928	0.07751937984496124	0.3875968992248062	0.15503875968992248	0.15503875968992248	0.0	6.666666666666667	0.0	0.2325581395348837	0.6976744186046512	0.0	2.945736434108527	2.945736434108527	0.0	0.3875968992248062	0.3875968992248062	0.0	0.5426356589147286	0.0082987551867219	0.0	0.0	0.0082987551867219	0.5027322404371585	0.0109289617486338	0.1639344262295081	0.0218579234972677	0.0109289617486338	135.0	1.0	1.0	6.30317848410758	12.17641371759079	17.0	219.0	5174.0	0.0572074299032417	0.1315707595608917	7.0	3.341327484539048	0.6980902696123676	0.0545454545454545	4.042712576331875	0.0512527685492801	0.0	0.5610098176718092	0.1402524544179523	0.1402524544179523	0.0	7.012622720897616	0.0	0.0	0.0	0.2805049088359046	3.786816269284712	1.9635343618513323	0.9817671809256662	0.4207573632538569	0.2805049088359046	0.0	0.4207573632538569	0.0197368421052631	0.0	0.0	0.006578947368421	0.4666666666666667	0.0	0.1416666666666666	0.0166666666666666	0.0166666666666666	79.0	1.0	3.0	5.178181818181818	7.065477939417594	10.0	210.0	238.0	0.0362068965517241	0.0728503336110991	8.0	3.697305905773059	0.4566570491664179	0.0434782608695652	7.324352827336825	0.0511420557002604	15	8	60	1400	2.0	2	37	1	1	4	quebec	0	0	1	0	0	0	0	1	0	0	2	0	1	1
P107	0.0	1.257861635220126	0.10482180293501049	0.10482180293501049	0.0	4.5073375262054505	0.0	0.0	0.0	0.2096436058700209	3.878406708595388	1.257861635220126	0.0	0.2096436058700209	0.3144654088050315	0.0	0.1048218029350104	0.0330188679245283	0.0	0.0047169811320754	0.0047169811320754	0.3426573426573426	0.0	0.1888111888111888	0.0139860139860139	0.1678321678321678	112.0	1.0	1.0	6.641114982578397	10.71844852702574	8.0	84.0	1559.0	0.0643185298621745	0.1448704218147833	6.0	3.234448478350917	0.43727547999255	0.0666666666666666	5.553073866872524	0.1118888212619192	0.0	1.9933554817275747	0.0	0.0	0.0	5.3156146179401995	0.0	0.1661129568106312	0.4983388704318937	0.1661129568106312	6.312292358803987	2.1594684385382057	0.1661129568106312	1.32890365448505	0.6644518272425249	0.0	0.3322259136212624	0.0463576158940397	0.0	0.0066225165562913	0.0	0.5346534653465347	0.0	0.1386138613861386	0.0198019801980198	0.0297029702970297	77.0	1.0	1.0	5.778846153846154	8.257813002951567	16.0	158.0	514.0	0.0518638573743922	0.075438370199528	8.0	3.4265143069490898	0.781218574834804	0.0833333333333333	8.5938538205982	0.1342284976005906	0.0	1.2634534394010295	0.09358914365933552	0.32756200280767434	0.04679457182966776	7.627515208235845	0.0	0.0	0.2807674309780065	0.0	5.00701918577445	1.357042583060365	0.0467945718296677	0.7955077211043519	0.4211511464670098	0.0	0.3275620028076743	0.0273224043715847	0.0	0.0036429872495446	0.0054644808743169	0.4146341463414634	0.002710027100271	0.1653116531165311	0.008130081300813	0.2168021680216802	257.0	1.0	1.0	8.34375	18.708365232897822	20.0	1074.0	9080.0	0.072099208510911	0.1821738381011566	5.0	3.062966303816047	0.6521320981644292	0.1	2.442144946479847	0.0396247124338812	5	3	33	310	1.0	2	42	2	1	2	quebec	0	0	1	0	0	0	1	1	0	0	2	0	1	1
P117	0.19455252918287938	0.311284046692607	0.23346303501945526	0.2723735408560311	0.038910505836575876	9.299610894941635	0.0	0.0778210116731517	0.0389105058365758	0.0	3.385214007782101	0.5836575875486382	0.1945525291828793	0.7782101167315175	0.4669260700389105	0.0	0.2723735408560311	0.0398089171974522	0.0079617834394904	0.0047770700636942	0.0095541401273885	0.3497652582159624	0.0023474178403755	0.3051643192488263	0.0046948356807511	0.1291079812206572	350.0	1.0	1.0	9.291139240506327	20.604961155008727	26.0	828.0	27425.0	0.0703839122486288	0.175511132964658	6.0	3.105242812590088	1.6557005843054915	0.0774647887323943	2.042021987576962	0.0265016620712758	0.0	0.7317073170731708	0.0	0.0	0.0	10.487804878048781	0.0	0.0	0.0	0.0	2.9268292682926838	0.7317073170731708	0.0	0.4878048780487805	0.2439024390243902	0.0	0.0	0.0	0.0112359550561797	0.0	0.0	0.2272727272727272	0.0	0.2121212121212121	0.0606060606060606	0.2424242424242424	41.0	1.0	4.0	4.374331550802139	4.850600487355667	5.0	17.0	146.0	0.0499049429657794	0.0977229965491569	8.0	3.673681789431315	0.0	0.0	12.86880902235216	0.2573591253153912	0.3436426116838488	0.859106529209622	0.25773195876288657	0.5154639175257731	0.0	6.786941580756014	0.0	0.0	0.3436426116838488	0.0	3.0927835051546397	1.1168384879725086	0.0859106529209622	0.7731958762886598	0.6013745704467355	0.0	0.0859106529209622	0.0248226950354609	0.0	0.0035460992907801	0.0177304964539007	0.3461538461538461	0.0109890109890109	0.2692307692307692	0.0	0.2252747252747252	143.0	1.0	4.0	6.984984984984985	10.931801272152208	11.0	271.0	938.0	0.0588809686554047	0.112596554768313	6.0	3.2554180686710805	0.1416507313360011	0.0263157894736842	4.50008873400814	0.0862410785091197	20	4	47	490	1.0	1	49	2	1	4	quebec	1	1	1	0	1	0	1	2	1	0	2	0	0	1
P104	0.0	4.316546762589928	0.0	0.9592326139088728	0.0	5.515587529976019	0.0	0.7194244604316548	0.0	0.0	1.6786570743405276	0.2398081534772182	0.0	0.2398081534772182	0.9592326139088728	0.0	0.0	0.0434782608695652	0.0	0.0	0.0144927536231884	0.2641509433962264	0.0188679245283018	0.2830188679245283	0.0188679245283018	0.3018867924528302	43.0	1.0	2.0	4.809248554913295	5.050442207109532	1.0	59.0	277.0	0.0471289274106175	0.0567408392257231	7.0	3.656271004167227	0.3315052904056935	0.0588235294117647	12.529379811068235	0.2351162548222292	0.0	4.533333333333333	0.0	0.0	0.0	3.4666666666666663	0.0	0.0	0.0	0.0	2.4	0.0	0.0	0.0	0.0	0.0	0.8	0.0	0.0	0.0	0.0	0.3272727272727272	0.0	0.3454545454545454	0.0	0.2	37.0	1.0	2.0	4.986666666666666	5.552160740548574	4.0	54.0	148.0	0.0537513997760358	0.0995646014345704	8.0	3.5550782997762864	0.1687215253941474	0.032258064516129	13.674950690335484	0.3090476190476192	0.0	4.545454545454546	0.13774104683195593	0.27548209366391185	0.0	6.0606060606060606	0.0	0.0	0.0	0.0	1.5151515151515151	0.0	1.1019283746556474	0.5509641873278237	0.2754820936639118	0.0	0.4132231404958678	0.04375	0.0	0.0	0.01875	0.2616822429906542	0.0	0.2897196261682243	0.0	0.2242990654205607	80.0	1.0	3.0	6.170212765957447	9.171461631897555	4.0	148.0	823.0	0.056390977443609	0.0826564701431595	7.0	3.330896526641208	0.30360300802258	0.0377358490566037	7.14601376997426	0.0527608096778057	3	1	7	70	2.0	2	43	1	0	0	quebec	0	1	1	0	0	0	1	2	1	0	2	1	0	0
P119	0.0	1.8617021276595744	0.26595744680851063	0.26595744680851063	0.0	10.106382978723403	0.0	0.0	0.2659574468085106	0.0	2.393617021276596	0.5319148936170213	0.0	0.7978723404255319	0.2659574468085106	0.0	0.0	0.0294117647058823	0.0098039215686274	0.0	0.0196078431372549	0.2758620689655172	0.0	0.2068965517241379	0.0	0.3620689655172414	31.0	1.0	2.0	4.491017964071856	4.909807200713719	1.0	9.0	52.0	0.0407239819004524	0.0511509247484665	9.0	3.77433085635957	0.1686457486038077	0.0476190476190476	13.659293691895096	0.2214384828862164	0.0	1.1004126547455295	0.41265474552957354	0.0	0.1375515818431912	10.591471801925723	0.0	0.2751031636863824	0.9628610729023384	0.0	3.713892709766162	1.5130674002751032	0.0	0.5502063273727648	0.0	0.0	1.3755158184319118	0.0306748466257668	0.0061349693251533	0.0	0.0	0.3548387096774194	0.0161290322580645	0.2419354838709677	0.0	0.2016129032258064	92.0	1.0	1.0	6.152542372881356	8.104327279607125	11.0	53.0	605.0	0.0731419583169484	0.1411099000111169	6.0	3.2667147493689144	0.1517697918484495	0.0285714285714285	7.17005719249907	0.0672537037454619	0.3184713375796179	1.4331210191082804	0.3184713375796179	0.3184713375796179	0.0	11.226114649681529	0.0	0.0	0.1592356687898089	0.0	2.547770700636943	0.5573248407643312	0.0	0.5573248407643312	0.7961783439490446	0.0	0.0796178343949044	0.0104166666666666	0.0	0.0	0.0173611111111111	0.2606635071090047	0.0	0.2464454976303317	0.0189573459715639	0.2796208530805687	159.0	1.0	1.0	7.3391812865497075	12.145397772366556	18.0	210.0	1635.0	0.0678799803246433	0.1163923646848654	7.0	3.22184493491794	0.0	0.0	4.160574536858104	0.0605180241225098	2	3	8	140	1.0	2	42	2	1	2	quebec	0	1	1	0	0	0	1	2	1	0	2	1	0	1
P115	0.6644518272425249	2.3255813953488373	0.33222591362126247	0.0	0.0	7.475083056478406	0.0	0.0	1.162790697674419	0.0	3.488372093023256	0.6644518272425249	0.0	0.6644518272425249	0.0	0.0	0.6644518272425249	0.0273972602739726	0.0	0.0	0.0	0.4457831325301205	0.0120481927710843	0.2891566265060241	0.0120481927710843	0.1204819277108433	69.0	1.0	1.0	6.13265306122449	7.5276873364092065	8.0	112.0	497.0	0.0661252900232018	0.0942192443277314	7.0	3.332705389848247	0.0	0.0	8.727787564582915	0.1764950166112957	0.0	1.3888888888888888	0.0	0.0	0.0	4.861111111111112	0.0	0.0	0.0	0.0	1.3888888888888888	1.3888888888888888	0.0	0.6944444444444444	0.6944444444444444	0.0	0.0	0.0833333333333333	0.0	0.0	0.0277777777777777	0.4375	0.0	0.3125	0.0	0.0625	11.0	1.0	4.0	3.075268817204301	1.9301599417808848	2.0	6.0	5.0	0.0314685314685314	0.0323519371906468	11.0	4.974287050023375	0.0	0.0	35.79365079365069	-0.4560185185185186	0.11627906976744186	1.8604651162790697	0.0	0.23255813953488372	0.0	7.093023255813953	0.0	0.0	0.3488372093023256	0.0	1.627906976744186	0.3488372093023256	0.1162790697674418	0.2325581395348837	0.2325581395348837	0.0	0.6976744186046512	0.0357142857142857	0.0	0.0	0.0267857142857142	0.1944444444444444	0.0069444444444444	0.2708333333333333	0.0416666666666666	0.2430555555555555	108.0	1.0	1.0	6.028070175438597	9.443790392502976	13.0	105.0	931.0	0.0554658840792369	0.0851769455207493	8.0	3.378082530269335	0.0	0.0	6.04693666889315	0.0294331395348837	10	2	30	510	0.0	2	36	1	1	3	quebec	0	1	1	1	0	0	0	1	0	0	2	0	0	0
P109	0.0	0.8565310492505354	0.10706638115631692	0.32119914346895073	0.0	8.458244111349037	0.0	0.0	0.1070663811563169	0.0	1.070663811563169	0.1070663811563169	0.1070663811563169	0.2141327623126338	0.8565310492505354	0.0	0.2141327623126338	0.0442477876106194	0.0	0.0	0.0221238938053097	0.1768707482993197	0.0	0.3401360544217687	0.0	0.2040816326530612	119.0	1.0	2.0	7.346456692913386	10.822387086411414	7.0	137.0	1627.0	0.0670152091254752	0.0946112482485751	6.0	3.260215990787713	0.5848400877064566	0.1111111111111111	5.657494890567427	0.0666297032731722	0.0	2.083333333333333	0.0	0.0	0.0	2.7777777777777777	0.0	0.0	0.6944444444444444	0.0	0.6944444444444444	1.3888888888888888	0.0	0.0	0.0	0.0	0.6944444444444444	0.0303030303030303	0.0	0.0	0.0303030303030303	0.1052631578947368	0.0	0.3684210526315789	0.0526315789473684	0.3157894736842105	12.0	1.0	1.0	3.4047619047619047	2.289307691249785	1.0	5.0	34.0	0.0558510638297872	0.0510204081632653	9.0	4.239816408491107	0.2012148021909223	0.1	35.61670812603638	0.5492424242424241	0.0	1.3972055888223553	0.0	0.39920159680638717	0.0	8.982035928143713	0.0	0.0	0.0	0.0	1.3972055888223551	0.3992015968063871	0.0	0.7984031936127743	0.3992015968063871	0.0	0.5988023952095809	0.032520325203252	0.0	0.0	0.016260162601626	0.1758241758241758	0.0109890109890109	0.3626373626373626	0.0109890109890109	0.1538461538461538	58.0	1.0	4.0	5.376344086021505	6.377740150711059	4.0	94.0	172.0	0.05223315669947	0.0703621659456574	8.0	3.5532693984306887	0.6434379040521736	0.0341880341880341	10.497595118133852	0.0547553541565517	11	3	32	650	0.0	1	33	2	1	2	quebec	0	1	1	0	0	0	0	1	0	0	2	0	0	0
P105	0.0	1.1754068716094033	0.0	0.3616636528028933	0.0	5.69620253164557	0.0	0.0	0.0	0.0	1.8083182640144664	0.9041591320072332	0.0904159132007233	0.3616636528028933	0.0904159132007233	0.0	0.3616636528028933	0.0259740259740259	0.0	0.0043290043290043	0.0173160173160173	0.2317880794701986	0.0	0.3443708609271523	0.0	0.2052980132450331	121.0	1.0	2.0	6.884735202492212	10.342233410055847	17.0	159.0	2096.0	0.0649477806788511	0.1181704479337819	7.0	3.3048481308411213	0.4280513350649584	0.0769230769230769	4.757958174333019	0.1242029123441515	0.0	0.0	0.0	0.8333333333333334	0.0	6.666666666666667	0.0	0.8333333333333334	0.0	0.0	2.5	0.0	0.0	0.8333333333333334	1.6666666666666667	0.0	0.0	0.0344827586206896	0.0	0.0	0.0344827586206896	0.375	0.0	0.125	0.0	0.3125	8.0	1.0	1.0	3.090909090909091	2.071336968214342	3.0	17.0	36.0	0.0330882352941176	0.0485260770975056	9.0	4.328092959671907	0.0	0.0	43.60517799352754	-0.4166666666666666	0.0	0.6042296072507553	0.0	0.0	0.0	7.250755287009064	0.0	0.0	0.0755287009063444	0.0	3.700906344410876	1.8882175226586104	1.0574018126888218	0.3776435045317221	0.3776435045317221	0.0	0.3021148036253776	0.0292207792207792	0.0032467532467532	0.0064935064935064	0.0097402597402597	0.4214876033057851	0.0	0.2520661157024793	0.0	0.0537190082644628	163.0	1.0	1.0	7.151351351351352	11.71180096986084	25.0	139.0	2764.0	0.0564114182147711	0.13493289228801	7.0	3.284933714202007	0.0	0.0	3.977393303839158	0.0667473519455465	10	3	27	100	0.0	1	53	1	1	7	quebec	0	1	1	0	0	0	1	2	1	1	2	0	0	0
P106	0.0	2.522255192878338	0.2967359050445104	0.0	0.0	8.160237388724036	0.0	0.1483679525222552	0.1483679525222552	0.0	1.9287833827893173	0.5934718100890208	0.0	0.5934718100890208	0.2967359050445104	0.0	0.1483679525222552	0.0145985401459854	0.0	0.0	0.0	0.2268041237113402	0.0	0.2886597938144329	0.0206185567010309	0.2886597938144329	66.0	1.0	2.0	5.137404580152672	6.229409880740638	1.0	55.0	319.0	0.0346646571213263	0.0493638216585065	8.0	3.622912462343892	0.4606009535842716	0.0444444444444444	7.722306286477202	0.1377555225848994	0.0	3.4482758620689653	0.0	0.0	0.0	9.578544061302683	0.0	0.3831417624521072	0.3831417624521072	0.0	0.3831417624521072	0.3831417624521072	0.0	0.3831417624521072	1.9157088122605364	0.0	0.0	0.0175438596491228	0.0	0.0	0.0	0.1428571428571428	0.0	0.3095238095238095	0.0476190476190476	0.238095238095238	26.0	1.0	1.0	4.0	4.055385782654203	9.0	65.0	69.0	0.0197585071350164	0.0067959817959817	8.0	3.970184853905784	0.0	0.0	19.684088773223404	0.2286877394636015	0.0	2.181818181818182	0.0	0.0	0.0	5.818181818181818	0.0	0.0	0.0	0.0	1.090909090909091	0.3636363636363636	0.0	0.3636363636363636	0.3636363636363636	0.0	0.0	0.0694444444444444	0.0	0.0	0.0138888888888888	0.2571428571428571	0.0285714285714285	0.3142857142857143	0.0	0.2857142857142857	28.0	1.0	3.0	4.455284552845528	4.879444244844066	2.0	6.0	65.0	0.07846556233653	0.0796911534716412	7.0	3.646541383446621	0.3560764655036198	0.03125	18.935085797736296	-0.0110671936758893	14	4	44	1010	2.0	2	41	2	1	1	quebec	0	0	1	0	1	0	0	1	1	0	2	1	0	1
P112	0.06734006734006734	1.0101010101010102	0.13468013468013468	0.06734006734006734	0.0	9.62962962962963	0.0	0.0	0.2693602693602693	0.0	4.377104377104377	0.6734006734006733	0.0	0.3367003367003366	0.2693602693602693	0.0	0.2693602693602693	0.0113636363636363	0.0	0.0	0.0085227272727272	0.3825757575757575	0.0	0.25	0.0113636363636363	0.1553030303030303	178.0	1.0	2.0	7.669250645994832	13.851152629085812	13.0	169.0	5827.0	0.0681357804922963	0.1475548658428404	6.0	3.140164142935561	0.1369268403972941	0.0121951219512195	3.5237939848803914	0.0272195640616693	0.0	1.41643059490085	0.0	0.28328611898017	0.0	7.64872521246459	0.0	0.0	0.0	0.0	2.26628895184136	0.0	0.0	0.0	0.28328611898017	0.0	0.56657223796034	0.0126582278481012	0.0	0.0	0.0	0.2745098039215686	0.0	0.2941176470588235	0.0	0.2549019607843137	33.0	1.0	1.0	4.512820512820513	5.342724719590446	3.0	13.0	177.0	0.0495726495726495	0.0900554135214891	8.0	3.682133995037221	0.1704603162064691	0.0454545454545454	14.563424614416	0.0968655761674129	0.0	0.0	0.0	0.0	0.0	4.166666666666666	0.0	0.0	0.0	0.0	3.125	0.0	0.0	1.0416666666666663	0.0	0.0	0.0	0.074074074074074	0.0	0.0	0.037037037037037	0.25	0.0	0.2	0.05	0.25	5.0	1.0	2.0	2.878787878787879	1.5522725424079635	2.0	4.0	17.0	0.0603015075376884	0.0735209235209235	10.0	4.792074592074592	2.8481613265834933	0.1688311688311688	55.10299625468163	1.536458333333333	11	2	34	290	0.0	1	65	2	1	2	quebec	0	0	1	0	0	0	0	2	0	0	2	1	1	1
P114	0.0	2.8656716417910446	0.0	0.11940298507462686	0.0	4.776119402985075	0.0	0.1194029850746268	0.0	0.0	1.7313432835820894	0.835820895522388	2.208955223880597	0.3582089552238806	0.0597014925373134	0.0	0.1791044776119403	0.0418848167539267	0.0026178010471204	0.0026178010471204	0.0235602094240837	0.3081967213114754	0.0032786885245901	0.2262295081967213	0.0262295081967213	0.1639344262295081	198.0	1.0	1.0	6.551859099804306	12.807346819368004	16.0	124.0	1378.0	0.0410124526258798	0.1252481769425218	7.0	3.248048808564522	0.6735305315150191	0.0291970802919708	3.181052959744622	0.042574951330305	0.0	1.4084507042253522	0.0	0.0	0.0	5.633802816901409	0.0	0.0	0.7042253521126761	0.7042253521126761	0.7042253521126761	1.4084507042253522	0.0	0.7042253521126761	0.0	0.0	0.0	0.0	0.0	0.0	0.0	0.217391304347826	0.0434782608695652	0.0869565217391304	0.0434782608695652	0.3043478260869565	8.0	1.0	1.0	3.168539325842697	2.0347318795082527	0.0	6.0	3.0	0.0252100840336134	0.0363295880149812	9.0	4.264044943820225	0.0	0.0	35.87257922535201	-0.0586854460093897	0.0	2.06794682422452	0.29542097488921715	0.07385524372230429	0.0	5.096011816838995	0.0	0.0738552437223042	0.0	0.0	3.471196454948301	0.8124076809453471	1.9202363367799116	0.2954209748892171	0.2954209748892171	0.0	0.1477104874446085	0.0573065902578796	0.0	0.0	0.0229226361031518	0.3990825688073394	0.0045871559633027	0.2522935779816513	0.0229357798165137	0.110091743119266	164.0	1.0	1.0	6.648648648648648	12.324717653967438	8.0	120.0	1529.0	0.048380369803976	0.1080237563782812	7.0	3.2896115999564275	0.4160415380525094	0.0697674418604651	3.9297687463745854	0.087924211754837	5	2	18	290	0.0	1	34	2	1	2	quebec	0	0	1	0	0	0	0	2	0	0	2	0	0	0
P116	0.0	1.645021645021645	0.17316017316017315	0.2597402597402597	0.0	8.311688311688311	0.0	0.0	0.0	0.0	1.9913419913419916	0.5194805194805194	0.1731601731601731	0.9523809523809524	3.3766233766233764	0.0	0.0865800865800865	0.024390243902439	0.0	0.0	0.0121951219512195	0.2528735632183908	0.0057471264367816	0.3390804597701149	0.0057471264367816	0.1666666666666666	139.0	1.0	2.0	6.768328445747801	11.653941971777886	9.0	83.0	1995.0	0.050632911392405	0.1293833429685475	6.0	3.2323443160255305	0.2836132937108643	0.0344827586206896	4.473084167741187	0.076139546727782	0.0	1.6905071521456438	0.13003901170351106	0.0	0.0	4.291287386215865	0.0	0.130039011703511	0.130039011703511	0.130039011703511	1.6905071521456438	0.7802340702210664	0.0	0.6501950585175552	0.9102730819245772	0.0	0.130039011703511	0.0184049079754601	0.0184049079754601	0.0	0.0061349693251533	0.2156862745098039	0.0	0.2352941176470588	0.0196078431372549	0.3039215686274509	82.0	1.0	2.0	5.224489795918367	7.380149804323055	4.0	26.0	487.0	0.037037037037037	0.0790436868616424	8.0	3.4986649950082422	0.3009740587718076	0.0416666666666666	6.815144241157191	0.1088757999949004	0.0	1.834862385321101	0.45871559633027525	0.45871559633027525	0.0	5.963302752293578	0.0	0.0	0.0	0.0	0.4587155963302752	0.0	0.0	0.9174311926605504	4.128440366972478	0.0	1.376146788990826	0.0681818181818181	0.0	0.0	0.0	0.1034482758620689	0.0	0.5172413793103449	0.0344827586206896	0.2068965517241379	24.0	1.0	2.0	4.213592233009709	3.71470571541982	5.0	17.0	86.0	0.0456431535269709	0.0531451827568332	9.0	3.776508661717114	0.5571553070467566	0.1	23.79678899082534	-0.3297018348623853	17	3	61	1280	2.0	1	25	2	0	0	quebec	1	1	1	0	1	0	1	2	1	0	2	0	0	0
P102	0.20458265139116205	1.1456628477905073	1.2684124386252045	0.24549918166939444	0.04091653027823241	13.707037643207856	0.0	0.0818330605564648	0.0818330605564648	0.0409165302782324	2.536824877250409	1.309328968903437	0.4091653027823241	0.4500818330605565	0.1636661211129296	0.0	0.2864157119476268	0.0261044176706827	0.0100401606425702	0.0040160642570281	0.0080321285140562	0.3917808219178082	0.0082191780821917	0.284931506849315	0.0054794520547945	0.1534246575342465	304.0	1.0	3.0	8.29541595925297	17.119107248229497	17.0	399.0	7301.0	0.0634251341628825	0.1339673160546631	6.0	3.2322569095549936	1.0254581101696478	0.0425531914893617	2.148431103789459	0.0187635879522192	0.7633587786259541	0.0	2.2900763358778624	0.0	0.0	12.213740458015266	0.0	0.0	0.0	0.0	3.816793893129771	0.0	0.0	0.0	1.5267175572519085	0.0	0.0	0.0	0.0	0.0	0.0	0.35	0.0	0.25	0.0	0.35	13.0	1.0	1.0	3.333333333333333	2.273970134135488	3.0	5.0	18.0	0.069078947368421	0.0734330484330484	9.0	4.201465201465202	0.4102398051627499	0.1666666666666666	40.48429483168548	0.6054022313564298	0.7345225603357817	1.154249737670514	0.944386149003148	0.1049317943336831	0.2098635886673662	10.073452256033578	0.0	0.0	0.2098635886673662	0.0	3.4627492130115427	0.5246589716684155	0.0	0.8394543546694648	0.2098635886673662	0.0	0.1049317943336831	0.0373443983402489	0.0	0.0	0.0	0.3670886075949367	0.0189873417721519	0.120253164556962	0.0126582278481012	0.3544303797468354	101.0	1.0	1.0	6.283828382838284	10.22931636993842	13.0	145.0	2287.0	0.0726683937823834	0.1057072885315973	7.0	3.358752431534544	0.0	0.0	5.497953020927572	-0.0181800434368823	15	7	53	160	0.0	1	45	2	0	0	quebec	0	0	1	0	1	0	0	2	0	0	2	1	0	1
P101	3.6641221374045805	1.3740458015267176	1.5267175572519083	0.15267175572519084	0.0	4.427480916030534	0.0	0.3053435114503817	0.3053435114503817	0.0	3.3587786259541987	2.137404580152672	0.3053435114503817	0.3053435114503817	0.3053435114503817	0.0	1.068702290076336	0.0141843971631205	0.0	0.0	0.0	0.4395604395604395	0.0	0.2417582417582417	0.0219780219780219	0.1648351648351648	69.0	1.0	2.0	5.839285714285714	8.014555476743293	4.0	160.0	1600.0	0.0718194254445964	0.1315834747555761	7.0	3.4189221652786674	0.4626320357256166	0.0625	7.918504135968425	0.0496852819070577	0.9433962264150944	1.8867924528301887	0.9433962264150944	0.0	0.0	1.8867924528301887	0.0	0.0	2.8301886792452837	0.0	5.660377358490567	4.716981132075472	0.0	0.0	0.9433962264150944	0.0	0.0	0.04	0.0	0.0	0.0	0.6923076923076923	0.0	0.1538461538461538	0.0	0.0	6.0	1.0	2.0	3.088235294117647	2.3809000653339627	0.0	2.0	12.0	0.0704697986577181	0.0756238859180035	7.0	3.803336259877085	0.2144340217207024	0.25	48.38364779874205	-0.5047169811320754	0.7462686567164178	1.7221584385763489	0.9184845005740528	0.0574052812858783	0.0	6.831228473019518	0.0	0.0	0.0574052812858783	0.0574052812858783	2.066590126291619	2.1814006888633752	0.3444316877152698	0.2870264064293915	0.0574052812858783	0.0	0.4018369690011481	0.0537897310513447	0.0	0.0024449877750611	0.0048899755501222	0.3149606299212598	0.0157480314960629	0.2834645669291338	0.0118110236220472	0.1574803149606299	215.0	1.0	1.0	7.895691609977324	15.12586661478298	17.0	325.0	4835.0	0.068608723336517	0.1290642765160664	7.0	3.204586683158112	0.0	0.0	2.98676962192085	0.0471019444900041	9	7	44	830	0.0	2	57	2	0	0	quebec	1	0	1	0	0	0	0	2	1	0	2	0	1	0
P103	0.0	1.5714285714285716	0.0	0.2857142857142857	0.0	8.428571428571429	0.0	0.0	0.0	0.1428571428571428	1.0	1.0	0.1428571428571428	0.4285714285714286	0.4285714285714286	0.0	1.1428571428571428	0.0303030303030303	0.0	0.0075757575757575	0.0	0.2641509433962264	0.0	0.1981132075471698	0.0	0.320754716981132	58.0	1.0	1.0	4.922535211267606	6.290025575601256	1.0	33.0	253.0	0.0379393713966896	0.056797846826226	8.0	3.546931767282138	0.3052931574203858	0.0666666666666666	7.349151007471004	0.0011160714285714	0.0	0.0	0.0	0.0	0.0	5.660377358490567	0.0	0.0	0.9433962264150944	0.0	1.8867924528301887	0.9433962264150944	0.0	0.0	0.0	0.0	0.0	0.0555555555555555	0.0	0.0	0.0	0.375	0.0	0.1875	0.0	0.0	5.0	1.0	5.0	2.8378378378378377	1.7007711051407863	1.0	1.0	4.0	0.0147058823529411	0.0054054054054054	11.0	4.9163272861903	0.0	0.0	49.73659630113965	-0.6873315363881402	0.11173184357541899	1.2290502793296088	0.11173184357541899	0.11173184357541899	0.11173184357541899	7.039106145251396	0.0	0.4469273743016759	0.0	0.0	2.23463687150838	0.6703910614525139	0.782122905027933	0.4469273743016759	1.452513966480447	0.0	0.4469273743016759	0.0144230769230769	0.0048076923076923	0.0	0.0048076923076923	0.2551724137931034	0.0068965517241379	0.2620689655172414	0.0	0.2344827586206896	76.0	1.0	1.0	5.467889908256881	8.71172938519363	8.0	78.0	596.0	0.0421247847397006	0.0978729130376503	6.0	3.4168589707510177	0.0	0.0	5.789155599211285	-0.0281564245810055	5	2	19	540	0.0	2	31	2	0	0	quebec	0	0	1	0	1	0	1	2	1	0	2	0	0	0
P108	0.28612303290414876	0.35765379113018597	0.5722460658082975	0.7868383404864091	0.0	5.007153075822604	0.0	0.5722460658082975	0.0715307582260371	0.0	2.360515021459228	1.0014306151645207	0.6437768240343348	1.2160228898426324	0.5722460658082975	0.0	0.0715307582260371	0.0064935064935064	0.0	0.0	0.0064935064935064	0.2813852813852814	0.0086580086580086	0.341991341991342	0.0043290043290043	0.1341991341991342	186.0	1.0	2.0	7.391534391534392	12.7754365947049	12.0	170.0	1035.0	0.0532438181334751	0.1297491544005417	6.0	3.1759785552889	0.2761363800729294	0.0217391304347826	3.721892953653352	-8.941344778254773e-05	0.0	0.07692307692307693	0.23076923076923078	0.38461538461538464	0.0	4.923076923076923	0.0	0.3076923076923077	0.1538461538461538	0.0	2.8461538461538463	1.8461538461538465	0.1538461538461538	0.4615384615384615	0.6153846153846154	0.0	0.1538461538461538	0.02	0.0	0.0	0.0114285714285714	0.3944954128440367	0.0275229357798165	0.2981651376146789	0.0045871559633027	0.1330275229357798	173.0	1.0	3.0	7.359773371104816	12.231166800776316	3.0	229.0	2328.0	0.0645077720207253	0.1173986038777347	7.0	3.2950682462013905	0.278935377280722	0.0298507462686567	4.054566311898611	0.1197663096397273	0.0	0.0	0.398406374501992	0.199203187250996	0.0	5.378486055776892	0.0	0.0	0.0	0.0	6.175298804780876	0.99601593625498	0.5976095617529881	0.796812749003984	0.398406374501992	0.0	0.5976095617529881	0.0078740157480314	0.0	0.0	0.0078740157480314	0.5294117647058824	0.0686274509803921	0.088235294117647	0.0	0.0196078431372549	38.0	1.0	4.0	4.88780487804878	7.015112436626571	2.0	30.0	227.0	0.0584982537834691	0.1220105989803762	7.0	3.373314203730273	0.0	0.0	10.455247973622903	-0.0046209393196444	16	7	59	1770	2.0	2	30	1	1	1	quebec	0	0	1	0	0	0	1	1	1	0	2	1	0	1
